priority,kind,page,line,target,alt,nav_rank,status,reason,capture_instruction,lead_in_to_delete
P1,image,getting_started/get_started.md,26,img/login_form.png,Login screen,2,removed,"Fails the necessity test: the prose says only ""To log in, enter the user credentials on the login screen"" and a two-field username/password form conveys nothing the sentence does not already state; the shot is mostly the ""Welcome to Ibexa DXP"" marketing panel.",,
P1,image,getting_started/get_started.md,53,img/user_profile_preview.png,User profile,2,done,"Blocked on environment: the avatar drop-down on this instance has no Profile entry (only Focus mode / User settings / Logout) and /user/profile and /user/profile/view both 404. The user-profile feature is not enabled here, so the screen cannot be shot. RETAKE NOTE: Shot on the local non-SaaS 6.0 instance (localhost:8000) as a new user 'Elena Marsh' in the Editors user group, whose 'Editor' content type is the one the user_profile feature is configured for. The avatar drop-down entry is labelled 'View Profile', not 'Profile' as the prose says. The Editor role was given the Activity Log/Read policy so the Recent activity panel is populated.","Log in as admin at https://piano.stg.cohesivo.app/. First fill in the Administrator User profile (User settings > Account settings / profile edit) so Full name, Email, Job Title, Department, Location and Phone are all populated, and edit one content item so the Recent activity panel has 2-3 entries. Then open the avatar icon in the upper-right corner of the top bar and leave the drop-down open with Profile hovered, with the User profile screen (avatar, name, Summary and Recent activity panels) visible behind it. Crop from the top bar down to just below the Summary/Recent activity panel headings; exclude the browser chrome. Highlight the Profile entry in the drop-down with a 2px #FF4713 rectangle.",
P1,image,getting_started/get_started.md,75,img/user_profile_avatar.png,Edit avatar,2,done,"Blocked on environment: same as user_profile_preview.png - there is no User profile screen on this instance, so the Image field with the Edit image toolbar cannot be reached. RETAKE NOTE: Shot on the local non-SaaS 6.0 instance (localhost:8000); avatar uploaded on User profile > Summary > Edit. The portrait is a generated flat illustration, not a photograph of a real person.","Go to the avatar drop-down > Profile > Summary > Edit. In the Image field, upload a dummy portrait photo (any realistic headshot; the repository has no images, so the file must come from local disk). Hover the uploaded thumbnail so the Delete / Preview / Edit image toolbar appears. Crop to the Image field only: the dashed drop area with the thumbnail plus the File name / Master dimension / Size column on its right; exclude the rest of the form. Highlight Edit image with a 2px #FF4713 rectangle.",
P1,image,getting_started/get_started.md,87,img/user_preferences.png,User preferences menu,2,done,"Passes: the prose only says user settings are ""on the right side of the top bar"", and the avatar drop-down that actually holds the User settings entry is an unlabeled icon a new user cannot locate from that sentence.","Log in, click the avatar icon at the far right of the top bar and keep the drop-down open (Logged as ... / Focus mode toggle / Profile / User settings / Logout) with User settings hovered; the User settings > Preferences screen should be visible behind it so the destination is shown too. Crop from the top bar to roughly the Location settings table; keep the whole drop-down in frame. Highlight the drop-down panel with a 2px #FF4713 rectangle.",
P1,image,getting_started/get_started.md,141,img/change_password.png,Change password,2,done,"Passes narrowly: the prose sends the reader to ""your user profile"" but the Change password action actually lives on the Account settings tab of User settings, so the image resolves a path the text states incorrectly.","Click the avatar icon > User settings, then select the Account settings tab. Crop to the User settings page area: breadcrumb, page title, the Preferences / Account settings tabs (Account settings active) and the Password panel with the Change password action. Exclude the left menu below the fold. Highlight the Change password link with a 2px #FF4713 rectangle.",
P1,image,getting_started/get_started.md,146,img/editing_password.png,Editing password,2,removed,"Fails the necessity test: it is an empty three-field form (Current / New / Confirm password) that only repeats ""Fill in all the required fields and click Save and close"", and an empty screenshot also breaks the never-shoot-an-empty-screen guideline.",,
P1,arcade,getting_started/get_started.md,148,hmXfcsazcGSJbHzOpKAx,"Log in, navigate to the user profile, and change the password",2,removed,All 29 Arcade embeds are being removed; this one sits at the very end of the page with no introducing sentence of its own.,,
P1,image,getting_started/discover_ui.md,12,img/top_bar_all.png,Top bar,3,done,"Passes: the A-F list immediately below is unreadable without the lettered callouts on the top bar, so the image carries the whole legend. | RETAKE NOTE: Shot without the notification badge: no notifications can be generated on this instance. Still NEEDS HUMAN ANNOTATION for the A-F badges.","Log in and open any Content structure screen so the top bar shows all elements, with Focus mode on (so the Focus mode badge is present) and at least one unread notification so the bell has a badge. Crop to the full-width top bar only (logo, Focus mode badge, Search field, Site context drop-down, notification bell, avatar) - one narrow strip, no page body. NEEDS HUMAN ANNOTATION: six lettered badges A-F must be placed over the logo, Focus mode badge, search field, Site context drop-down, bell and avatar respectively; Snagit is unavailable so the badges cannot be reproduced by the capture tool.",
P1,image,getting_started/discover_ui.md,24,img/top_bar.png,Top bar with site context selector,3,done,"Passes: item D of the list only names the drop-down, so the image must show the expanded Site context list (All context plus each SiteAccess) since the drop-down itself is the subject.","Go to Content > Content structure, then click the Site: All context drop-down at the right of the top bar and keep it open so every entry is visible (All context and each configured SiteAccess with its language). Keep the parent screen (content tree and content item view) visible behind the open panel. Crop from the top bar down to just below the last drop-down entry. Highlight the Site context drop-down button with a 2px #FF4713 rectangle.",
P1,image,getting_started/discover_ui.md,42,dashboard.png,Dashboard,3,removed,"Redundant duplicate: the very same file (img/dashboard.png) is the main illustration on the dedicated Dashboard page, and this three-line section already links to it with ""For more information, see Work with dashboard"".",,
P1,image,getting_started/discover_ui.md,51,img/side_menu.png,Main menu,3,removed,"Consolidation (paired with the retake of img/menu_adjust.png at L57): both images show the same expanded main menu, and the bullet list below already names the sections, so one framing that also shows the resize edge and the collapse button covers both spots.",,
P1,image,getting_started/discover_ui.md,57,img/menu_adjust.png,Main menu - adjust,3,done,"Passes and absorbs the L51 shot: ""click on the side edge of the panel"" and ""the button in the down right corner"" point at two unlabeled targets that only an image can locate. | RETAKE NOTE: Shot cropped to just below Customers so the un-rebranded ""Ibexa Engage"" menu entry stays out of frame; content tree collapsed to keep the ""Ibexa Platform"" folder out. Playwright cannot render the mouse cursor, so the resize cursor is represented by the highlight on the panel edge.","Log in, open Content in the main menu so the fly-out with Content structure / Media / Drafts / Forms / Calendar / Tags / Settings is expanded. Position the cursor on the right-hand edge of the panel so the horizontal resize cursor is showing. Crop to the main menu only: the icon rail plus the expanded fly-out, full height, including the collapse button in the bottom-right corner of the panel; exclude the content area to the right. Highlight both the panel edge under the resize cursor and the collapse button with 2px #FF4713 rectangles. This single image replaces both the former img/side_menu.png and img/menu_adjust.png.",
P1,image,getting_started/discover_ui.md,72,img/left_menu_tree.png,Content tree in the menu,3,removed,"Redundant duplicate: this is literally the same file as the lead image of the dedicated Content tree page (../img/left_menu_tree.png), and the section is a three-line summary ending in ""For more information, see Content tree"".",,
P1,image,getting_started/discover_ui.md,86,img/udw.png,Content Browser,3,done,"Passes: the prose describes the Content Browser in words but its three-column browse-plus-preview modal layout, and the Grid/Panels/Tree switch it mentions, are spatial facts that text cannot convey.","First create 3-4 nested dummy folders under Content structure so the browser columns are not empty (the repository holds only 5 content items). Then go to Content > Content structure, select a content item, click Move (or Copy) in the top-right corner to open the Select destination modal. Navigate one level deep so the first column, the second column and the right-hand preview pane all show content, and leave the View switch visible. Keep the parent Content structure screen dimmed behind the modal. Crop to the modal plus a thin margin of the parent screen; exclude browser chrome.",
P1,arcade,getting_started/discover_ui.md,106,2YM6EhsN5eeohdLzYBpi,Search and focus mode,3,removed,All 29 Arcade embeds are being removed; the surrounding sentences describe Focus mode itself rather than the video.,,"L104: KEEP - ""If you need access to certain settings or technical details, you can disable the focus mode at any time."" is a statement about the feature plus the link to the Disable Focus mode section, and it reads correctly with no video present."
P1,image,getting_started/discover_ui.md,111,img/FM_dark_content_tree.png,Dark theme for content tree,3,removed,"Fails the necessity test: the prose already says ""the tree is displayed on a dark background"", so this 573x184 sliver only illustrates the sentence verbatim.",,
P1,image,getting_started/discover_ui.md,117,img/FM_content_item_full_view.png,Content item in full view,3,done,Passes: full view is a distinct visual state - the rendered site page embedded in the back office with a reduced action bar - and the Exit full view button the prose tells you to click is only findable in the image.,"Log in with Focus mode on, select a specific SiteAccess (not All context) from the Site context drop-down, then in Content > Content structure select the landing page content item so it opens in full view. Crop to the content item header bar (item name, content type badge, Create content / Edit / Exit full view actions) plus the top third of the rendered page below it, so the reduced action set and the embedded preview are both visible; exclude the left menu and content tree. Highlight Exit full view with a 2px #FF4713 rectangle.",
P1,image,getting_started/discover_ui.md,127,img/FM_less_ci_tabs.png,Content item tabs in Focus mode,3,done,"Passes: the prose says the tabs ""are different"" and reordered but never names them, so the image is the only place the reader learns which tabs Focus mode exposes.","With Focus mode on, go to Content > Content structure and select any content item to open its details view. Crop to the tab strip only (Fields, Sub-items, Translations, URL, Relations, Authors) as a single narrow horizontal band, with the active tab visible; exclude the panel body below and the tree to the left.",
P1,image,getting_started/discover_ui.md,133,img/FM_subitems_column_list.png,Columns in Sub-items table,3,done,"Passes: the drop-down is the subject - the prose says the column list ""is limited in Focus mode"" without listing the columns, so all options must be shown.","With Focus mode on, open a folder that has sub-items (for example the Ibexa Platform folder, or create 2-3 dummy folders first so the table is not empty), go to its Sub-items tab and click Columns in the table toolbar so the full checkbox list is expanded. Crop to the Sub-items panel: tab strip, table toolbar, the open Columns drop-down with every option visible, and the two or three table rows behind it. Highlight the Columns button with a 2px #FF4713 rectangle.",
P1,image,getting_started/discover_ui.md,141,img/FM_user_settings.png,Focus mode user setting,3,done,"Passes: the bullet says only ""in user settings"" and gives no click path, so the image is what tells the reader the toggle sits in the Mode section of the Preferences tab.","Click the avatar icon > User settings > Preferences tab, then click Edit next to the Mode section. Crop to the Mode editing panel: the ""Editing mode"" label, the Mode heading, the Save and close / Discard buttons and the Enable focus mode toggle with its explanatory note; exclude the left menu and the other preference sections.",
P1,image,getting_started/discover_ui.md,145,img/FM_switch.png,Focus mode switch,3,done,"Passes: ""in the drop-down menu on the right side of the top bar"" points at an unlabeled avatar icon, and the toggle's position at the top of that menu is a non-obvious location.","Click the avatar icon at the far right of the top bar and keep the drop-down open so the Logged as ... line, the Focus mode toggle, User settings and Logout are all visible, with the toggle in the On (green) state. Crop to the right end of the top bar plus the open drop-down; exclude the rest of the page. Highlight the Focus mode toggle row with a 2px #FF4713 rectangle.",
P1,image,getting_started/discover_ui.md,149,about-info.png,Help center,3,icon-exempt,"A 32x32 inline glyph rendered mid-sentence with {.inline-image} (the help question-mark icon), not a product screenshot, so the rebranding almost certainly did not change it.",,
P1,image,getting_started/discover_ui.md,152,img/help_center.png,Help center,3,removed,"Fails the necessity test: the sentence above already enumerates what the panel offers (""documentation, trainings, release notes, and product roadmap highlights""), so the shot is a decorative here-is-what-the-panel-looks-like image.",,
P1,image,getting_started/discover_ui.md,166,img/help_obstructs.png,Help obstructs UI,3,blocked,"Blocked on environment, confirmed on both instances: the Help center bubble does not render on staging or on the local non-SaaS 6.0 instance (localhost:8000) - there is no help element in the DOM and no help-center toggle under User settings > Browsing.","Open a screen whose list paginates so the help bubble overlaps the pager - Admin > Roles works, as 11 roles exceed the default 10 rows per page. Scroll to the bottom of the list, then hover the Help center bubble in the bottom-right corner so the small x appears on it. Crop to a narrow strip containing the pagination controls (arrow, page numbers 1-7, ellipsis) and the overlapping Help center bubble with its x; exclude everything above the pager.",
P1,arcade,getting_started/dashboard/dashboard.md,10,RowOtNIs36IO5DTmdbXP,Dashboard - How to navigate,4,removed,All 29 Arcade embeds are being removed; nothing on the page introduces this one - it sits directly under the two descriptive opening sentences.,,
P1,image,getting_started/dashboard/dashboard.md,21,dashboard.png,Dashboard,4,done,"Shipped with the un-rebranded Ibexa news block still in frame, on explicit instruction - the block cannot be removed on either instance and the shot is specified as the whole dashboard viewport. Shot on the local non-SaaS 6.0 instance (localhost:8000) at 1600x1000 with the left menu collapsed to the icon rail, matching the framing of the image it replaces and keeping the non-SaaS-only menu labels out of frame. Recent activity is populated by two users; Review queue, My content and Common content sit below the fold, as they did in the previous image. RETAKE NOTE: the news block is still labelled 'Ibexa news' and will need another pass once the rebrand lands.","Before shooting, populate the dashboard: edit two content items (so Recent activity and My content have entries) and send one item to the Quick Review workflow (so Review queue is not empty), since the environment has only 5 content items. Then log in and stay on the landing Dashboard screen. Crop to the whole dashboard viewport at 1600x1000: greeting header with the three-dots menu, and the Quick actions / Recent activity / news / Review queue / My content / Common content blocks in their zones; include the top bar and icon rail for context, exclude browser chrome. Note that the news block is still labelled ""Ibexa news"" in this build.",
P1,image,getting_started/dashboard/dashboard.md,25,dashboard_icon.png,Dashboard icon,4,done,"Passes: the prose says ""the home icon in the main menu"", but that icon is an unlabeled glyph at the top of the collapsed icon rail, so the image is what identifies it (and the logo route beside it).",Log in and open any screen other than the dashboard (for example Content > Content structure) so both routes are visible. Hover the top-most icon in the left icon rail so its Dashboard tooltip is displayed. Crop tightly to the upper-left corner: the logo in the top bar plus the first two or three icons of the rail with the tooltip; exclude the rest of the page. Highlight the home icon with a 2px #FF4713 rectangle.,
P1,image,getting_started/dashboard/work_with_dashboard.md,21,customize_dashboard.png,Customize dashboard,5,removed,"Consolidation, paired with the retake of customize_dashboard_icon.png at L25: the prose says ""on the main page, click Customize dashboard"" and the button is plainly labelled inside a full-width promo banner, so the shot only illustrates the sentence while the L25 framing covers the same dashboard header.",,
P1,image,getting_started/dashboard/work_with_dashboard.md,25,customize_dashboard_icon.png,Customize dashboard - three dots icon,5,done,"Passes and absorbs the L21 shot: the fallback route after the banner is closed is a bare three-dots icon in the dashboard header, a non-obvious location whose menu contents cannot be described in one sentence.","Log in and stay on the Dashboard. If the ""Enhance your dashboard experience"" banner is visible, close it with its x, then click the three-dots icon at the right of the greeting header so the menu opens with Customize dashboard visible, and hover that entry. Crop from the top bar down through the Quick actions row so the header, the open menu and some dashboard content are all in frame. Highlight the three-dots icon and the open menu with 2px #FF4713 rectangles.",
P1,image,getting_started/dashboard/work_with_dashboard.md,29,dashboard_builder.png,Dashboard Builder,5,done,"Shipped with the un-rebranded Ibexa news block type still listed in the Dashboard blocks toolbox, on explicit instruction - the toolbox is what the shot is about, so the entry cannot be cropped out. Shot on the local non-SaaS 6.0 instance (localhost:8000) at 1600x1000. CORRECTION to an earlier note on this row: Dashboard Builder IS reachable there, just not through the dashboard's three-dots menu - the route is Administration > Dashboards > Predefined dashboards > Default dashboard > Edit. The draft it creates was discarded afterwards. RETAKE NOTE: badges A (drop zone), B (toolbox) and C (icon toolbar) still have to be added by hand, as Snagit is not available; and the shot needs another pass once the rebrand lands.","From the Dashboard, click Customize dashboard (or three dots > Customize dashboard) to open Dashboard Builder. Make sure the drop zones contain blocks - add Quick actions, Recent activity and My content if the draft is empty - and leave the Dashboard blocks toolbox open on the right. Crop to the whole builder at 1600x1000: the Dashboard Builder title bar with Publish / Save draft / Delete draft, the icon toolbar, the labelled drop zones with blocks, and the right-hand toolbox. NEEDS HUMAN ANNOTATION: badges A (drop zone), B (toolbox) and C (icon toolbar) have to be added by hand, as Snagit is not available.",
P1,arcade,getting_started/dashboard/work_with_dashboard.md,31,e5bqo0vVeXcLX0fUtfZw,Customize dashboard,5,removed,All 29 Arcade embeds are being removed; no sentence on the page exists purely to introduce this video.,,"L27: KEEP - ""This action opens an online editor - Dashboard Builder."" introduces the Dashboard Builder itself and the still image beneath it, and remains accurate once the video is gone."
P1,image,getting_started/dashboard/work_with_dashboard.md,45,dashboard_fields.png,Fields,5,icon-exempt,"A 45x45 toolbar glyph rendered inside a table cell of the button reference table, not a product screenshot, so rebranding almost certainly left it unchanged.",,
P1,image,getting_started/dashboard/work_with_dashboard.md,46,dashboard_switch_layout.png,Switch layout,5,icon-exempt,"A 45x45 toolbar glyph rendered inside a table cell of the button reference table, not a product screenshot, so rebranding almost certainly left it unchanged.",,
P1,image,getting_started/dashboard/work_with_dashboard.md,47,dashboard_undo.png,Undo,5,icon-exempt,"A 45x45 toolbar glyph rendered inside a table cell of the button reference table, not a product screenshot, so rebranding almost certainly left it unchanged.",,
P1,image,getting_started/dashboard/work_with_dashboard.md,48,dashboard_redo.png,Redo,5,icon-exempt,"A 45x45 toolbar glyph rendered inside a table cell of the button reference table, not a product screenshot, so rebranding almost certainly left it unchanged.",,
P1,image,getting_started/dashboard/work_with_dashboard.md,49,dashboard_structure_view.png,Structure view,5,icon-exempt,"A 45x45 toolbar glyph rendered inside a table cell of the button reference table, not a product screenshot, so rebranding almost certainly left it unchanged.",,
P1,image,getting_started/dashboard/work_with_dashboard.md,50,dashboard_blocks.png,Dashboard blocks,5,icon-exempt,"A 45x45 toolbar glyph rendered inside a table cell of the button reference table, not a product screenshot, so rebranding almost certainly left it unchanged.",,
P1,image,getting_started/dashboard/work_with_dashboard.md,51,dashboard_side_moving.png,Side moving,5,icon-exempt,"A 33x33 toolbar glyph rendered inside a table cell of the button reference table, not a product screenshot, so rebranding almost certainly left it unchanged.",,
P1,image,getting_started/dashboard/work_with_dashboard.md,57,dashboard_blocks_toolbox.png,Dashboard blocks,5,removed,"Redundant with the Dashboard Builder overview retake at L29, which already shows this same Dashboard blocks toolbox open on the right, and the prose defers the actual block list to the Dashboard block reference page.",,
P1,image,getting_started/dashboard/work_with_dashboard.md,61,dashboard_structure_view_toolbox.png,Structure view,5,done,"Passes: Structure view is the one part of the builder the overview shot does not show, and ""a structure of your dashboard, including its division into zones and the blocks that they contain"" is a hierarchy that only a picture makes concrete. | RETAKE NOTE: Drop zones seeded with Quick actions / Recent activity / My content / Review queue + My content + Common content; the Ibexa news block was deleted from the draft first.","In Dashboard Builder with at least four drop zones filled (add Quick actions, Recent activity, a news block, Review queue, My content and Common content across the zones so the tree is realistic), click the Structure view icon in the right of the icon toolbar. Crop to the Structure view toolbox panel only: its header and the full Drop zone 1..n tree with the block names underneath; exclude the drop zones to the left.",
P1,image,getting_started/dashboard/work_with_dashboard.md,71,dashboard_switch_layout_window.png,Switch layout,5,done,"Passes: the prose says ""choose one from available layouts"" without naming any, and the modal is the subject, so every layout tile plus Submit must be shown. | RETAKE NOTE: Shot unnumbered, as allowed by the instruction; badges 1-3 still need a human with Snagit if they are wanted.","In Dashboard Builder, click the Switch layout icon (second icon in the toolbar) to open the Switch layout modal. Scroll so as many layout tiles as possible are visible (One column, Two columns, One-third left, One-third right, Two rows two columns, Three rows two columns ...), select one so its checkbox is ticked, and keep the Submit / Cancel bar in frame; keep the builder toolbar visible above the modal as the parent context. Crop to the modal plus the toolbar strip. NEEDS HUMAN ANNOTATION: the existing numbered badges 1-3 (toolbar icon, chosen layout, Submit) cannot be reproduced without Snagit - either have a human add them or shoot it unnumbered.",
P1,image,getting_started/dashboard/work_with_dashboard.md,93,dashboard_blue_line.png,Drop zone line,5,done,"Passes: the blue highlighted drop zone and the bold insertion line exist only while a block is being dragged, a transient visual state the reader has to recognize mid-gesture and that words cannot show. | RETAKE NOTE: Drag held with synthetic HTML5 drag events, which render the blue drop zone and the insertion line but not the dragged block ghost under the cursor.","In Dashboard Builder with at least one block already in Drop zone 1, drag a block (for example Orders by status) out of the Dashboard blocks toolbox and hold it over the zone, just below the existing block, so the zone turns blue and the bold insertion line appears; take the screenshot while the drag is held. Crop to Drop zone 1 only: its label, the existing block, the dragged block ghost under the cursor and the insertion line; exclude the toolbox and the rest of the builder.",
P1,image,getting_started/dashboard/work_with_dashboard.md,97,dashboard_block_properties.png,Block properties,5,done,"Passes: the prose says the settings panel ""open immediately where you can configure all block properties"" without showing it, and this is the page's only view of the Properties/Design panel referenced again under Work with blocks.","In Dashboard Builder, drag a Quick actions block from the Dashboard blocks toolbox into a drop zone so the block settings panel opens automatically; make sure the fields are filled (Name plus several Actions chips) rather than blank. Crop to the settings panel only: block name header, the Properties / Design tabs, the populated fields and the Save and close / Discard buttons; exclude the drop zone behind it.",
P1,image,getting_started/dashboard/work_with_dashboard.md,103,user_settings_builder.png,User settings,5,removed,"Fails the necessity test: the sentence promises the route ""on the right side of the top bar"" but the image shows the already-open User settings page instead of that route, and the avatar drop-down path is illustrated on the Get started page.",,
P1,image,getting_started/dashboard/work_with_dashboard.md,109,user_settings_blocks_builder.png,Blocks settings,5,done,"Passes: the drop-down is the subject - the reader has to find ""Automatically open block settings in builder"" among four similar Content authoring fields and pick Disabled from its expanded list.","Click the avatar icon > User settings > Preferences tab, then click Edit next to Content authoring. Click the arrow on the ""Automatically open block settings in builders"" field so its drop-down is expanded with both Enabled and Disabled visible, and hover Disabled. Crop to the Content authoring editing panel: the Editing content authoring label, Save and close / Discard, all four fields and the open drop-down. Highlight the field label with a 2px #FF4713 rectangle. NEEDS HUMAN ANNOTATION if the numbered badges 1-2 are to be kept - Snagit is unavailable, so prefer shooting it with the highlight only.",
P1,image,getting_started/dashboard/work_with_dashboard.md,116,block_settings_builder.png,Block settings - Dashboard Builder,5,removed,"Consolidation, paired with the retake of dashboard_block_actions.png at L138: both are the same hover toolbar on the same Quick actions block, and the L138 framing shows the gear Block settings icon as well as the three-dots menu, so one image serves both paragraphs.",,
P1,image,getting_started/dashboard/work_with_dashboard.md,138,dashboard_block_actions.png,Dashboard block settings,5,done,"Passes and absorbs the L116 shot: the toolbar only appears on hover and the six actions the list enumerates are split between the toolbar icons and the three-dots menu, a division the text cannot make clear.","In Dashboard Builder, hover a block in a drop zone (for example Quick actions #1) so the blue block toolbar appears, then click its three-dots icon so the Duplicate / Refresh / Delete menu opens. Frame so the whole toolbar is visible - drag handle, block name, Move up arrow, Move down arrow, the gear Block settings icon and the three dots - together with the open menu and the top of the block beneath. Crop to the block plus its toolbar and menu; exclude the rest of the builder. Highlight the gear icon and the three-dots icon with 2px #FF4713 rectangles. This single image replaces the former block_settings_builder.png as well.",
P1,image,getting_started/dashboard/work_with_dashboard.md,145,edit_active_dashboard.png,Edit dashboard,5,removed,"Fails the necessity test: it shows only a highlighted three-dots icon with no menu open, while the prose already says ""click the three dots icon in the top corner, and then click Edit..."" and the L174 retake shows that menu with the Edit action in it.",,
P1,image,getting_started/dashboard/work_with_dashboard.md,169,select_active_dashboard.png,Select active dashboard,5,removed,"Fails the necessity test: the prose gives the full path (Preferences tab, Dashboard section, Edit) and the action (select, Save), and the shot is a radio list whose two options both read ""Default dashboard"", so it clarifies nothing.",,
P1,image,getting_started/dashboard/work_with_dashboard.md,174,switch_dashboard.png,Switch between dashboards,5,done,"Passes and absorbs the L145 shot: the three-dots menu on an active customized dashboard is the only place both Edit Customized dashboard and Switch to default dashboard appear, so one open-menu image covers this section and Edit dashboard. | RETAKE NOTE: The three-dots menu on this instance offers only ""Switch to Default dashboard"" - there is no ""Edit Customized dashboard"" entry. Cropped above the Ibexa news block.","Create and publish a customized dashboard first and set it as active (User settings > Preferences > Dashboard > Edit), so the menu shows the customized-dashboard entries. Then, on the Dashboard screen, click the three-dots icon in the greeting header so the menu opens with both Edit Customized dashboard and Switch to default dashboard visible, and hover Switch to default dashboard. Crop from the greeting header down past the first row of blocks so the menu's position on the dashboard is clear. Highlight the Switch to... entry with a 2px #FF4713 rectangle. This image also replaces the former edit_active_dashboard.png.",
P1,image,getting_started/content_tree/content_tree.md,11,../img/left_menu_tree.png,Content tree in the menu,7,done,"Blocked on rebrand: the content tree root Piano Platform has a child folder literally named ""Ibexa Platform"", which sits above the seeded hierarchy and cannot be cropped or scrolled out of a tree screenshot. Seeding is done (Folder14 > Press releases > 2026 announcements / 2025 archive (hidden), Company news > Product updates), so this row only needs that folder renamed or removed. RETAKE NOTE: Shot on the local non-SaaS 6.0 instance (localhost:8000) after renaming the 'Ibexa Platform' folder to 'Company intranet' and the 'Ibexa Digital Experience Platform' landing page to 'Corporate website', and seeding Press releases (2026 announcements + hidden 2025 archive), Company news and Campaigns. Cropped above the un-rebranded 'Ibexa Engage' menu entry, which is still present lower in the left menu.","First populate the tree, since the repository holds only 5 content items: under Content structure create 3-4 dummy folders with a couple of sub-folders each (realistic names, no lorem ipsum) and hide one of them so a greyed-out entry is visible. Then go to Content > Content structure and expand two levels of the tree. Crop to the left side of the screen only: the icon rail, the Content menu fly-out (Content structure, Media, Drafts, Forms, Calendar, Tags) and the Content tree panel with the expanded hierarchy and the hidden item; exclude the content item view on the right.",
P1,arcade,getting_started/content_tree/content_tree.md,44,eKT6FDQsAJPsyQs59OlK,Content tree - add folder,7,removed,All 29 Arcade embeds are being removed; the numbered procedure above stands on its own and no sentence exists only to introduce the video.,,"L42: KEEP - ""The newly created folder is now visible in the content tree."" is the closing result of the six-step procedure, not a video introduction."
P1,image,getting_started/notifications.md,22,new_notification_message.png,New notification message,8,removed,"Fails the necessity test: the prose already says ""a message appears on the screen to notify you of new notifications"", and the image is a 490x98 crop of that toast reading ""You have new notifications.""",,
P1,image,getting_started/notifications.md,26,img/top_bar_with_notification_icon.png,Notification icon on the top bar,8,done,"Shot on the local non-SaaS 6.0 instance (moved to https://localhost:8001 after mkdocs serve took port 8000). CORRECTION to the earlier note on this row: notifications CAN be generated - send a content item to review from the edit screen and enter the reviewer's username. One 'Content review request' notification (Workflow:NotifyReviewer) existed when these were shot. Full-width top bar strip with the bell and its numbered badge highlighted; highlight drawn with ImageMagick rather than Snagit. RETAKE NOTE: only one notification exists on the instance, so the list shows a single row rather than the three or four the capture instruction asks for. Worth another pass once more notifications of mixed types and read/unread states can be generated.","Generate at least three unread notifications first - send a content item to the Quick Review workflow and send another item to trash - so the badge shows a count. Then log in and crop to the full-width top bar only (logo, search field, Site context drop-down, bell with its numbered badge, avatar) as one narrow strip, no page body. Highlight the bell and its badge with a 2px #FF4713 rectangle.",
P1,image,getting_started/notifications.md,34,notifications_short_list.png,Short list of notifications,8,done,"Shot on the local non-SaaS 6.0 instance (moved to https://localhost:8001 after mkdocs serve took port 8000). CORRECTION to the earlier note on this row: notifications CAN be generated - send a content item to review from the edit screen and enter the reviewer's username. One 'Content review request' notification (Workflow:NotifyReviewer) existed when these were shot. Bell fly-out with the Notifications (1) header, Mark all as read, the unread row with its dot and timestamp, the open three-dots menu (Mark as read / Delete) and the View all notifications (1) link. RETAKE NOTE: only one notification exists on the instance, so the list shows a single row rather than the three or four the capture instruction asks for. Worth another pass once more notifications of mixed types and read/unread states can be generated.","With at least three notifications seeded (a review request, a release-lock request or a sent-to-trash notification), click the bell in the top bar to open the short list, then click the three-dots icon on the first notification so the Mark as read / Delete menu opens. Crop to the fly-out panel only: the Notifications (n) header with Mark all as read, the notification rows with their unread dots and timestamps, the open three-dots menu, and the View all notifications... link at the bottom; exclude the page behind it.",
P1,image,getting_started/notifications.md,50,img/notifications_screen.png,Notifications screen,8,done,"Shot on the local non-SaaS 6.0 instance (moved to https://localhost:8001 after mkdocs serve took port 8000). CORRECTION to the earlier note on this row: notifications CAN be generated - send a content item to review from the edit screen and enter the reviewer's username. One 'Content review request' notification (Workflow:NotifyReviewer) existed when these were shot. Notifications list with the row's 'Go to content' action hovered so the tooltip shows, next to the envelope icon. RETAKE NOTE: only one notification exists on the instance, so the list shows a single row rather than the three or four the capture instruction asks for. Worth another pass once more notifications of mixed types and read/unread states can be generated.","With notifications seeded, click the bell in the top bar and then View all notifications... at the bottom of the short list. Hover the action icon on one row so its tooltip (for example Go to content) is displayed. Crop to the Notifications panel: the page title, the List (n) header with the Mark as read / Delete bulk buttons, the column headers (Title, Status, Date and time) and three or four rows including the hovered row with its tooltip and envelope icon; exclude the left menu and the top bar.",
P1,image,getting_started/notifications.md,62,img/notifications_filters.png,Notification filters,8,done,"Shot on the local non-SaaS 6.0 instance (moved to https://localhost:8001 after mkdocs serve took port 8000). CORRECTION to the earlier note on this row: notifications CAN be generated - send a content item to review from the edit screen and enter the reviewer's username. One 'Content review request' notification (Workflow:NotifyReviewer) existed when these were shot. Filters sidebar with Type set to 'Review requested' and a From date entered, so it is not blank. RETAKE NOTE: only one notification exists on the instance, so the list shows a single row rather than the three or four the capture instruction asks for. Worth another pass once more notifications of mixed types and read/unread states can be generated.","On the Notifications screen, open the Filters sidebar on the right. Crop to that sidebar only: the collapse arrow, the Filters title with Clear and Apply, the Type drop-down, the Status checkboxes (Read / Unread) and the Date and Time From / To fields with their calendar icons; exclude the notifications list to the left. Shoot it with a type selected and a date entered rather than fully blank.",
P1,image,getting_started/notifications.md,88,img/notifications_bulk_action_buttons.png,Bulk action buttons,8,removed,"Fails the necessity test: the prose already says ""at the top of the list, click Mark as read or Delete"", and this 281x58 crop shows the two labelled buttons detached from any context - they are visible in the Notifications screen shot at L50 anyway.",,
P2,image,content_management/content_model.md,42,img/content_model_diagram.png,Content model diagram,9,keep,"It is a hand-drawn conceptual diagram of the content type / content item relationship, not a capture of the running application, so the rebranding does not affect it.",,
P2,image,content_management/create_edit_content_types.md,32,img/content_types.png,Content type list,10,removed,"Decorative 'here is what the list looks like' shot: step 1 only says to open Content -> Content types and click a group, and the very next image (create_edit_content_type.png) shows the same screen with the actionable controls highlighted.",,
P2,image,content_management/create_edit_content_types.md,38,img/create_edit_content_type.png,Create or edit content type,10,done,"Steps 2 and 3 point at the Create button and at an unlabelled pencil 'Edit' icon inside a table row, a non-obvious location that the prose cannot describe.","Log in to https://piano.stg.cohesivo.app/ and go to Content -> Content types in the left panel, then click the Content group. Crop to the top of the group detail screen: breadcrumb, the Create button in the top-right corner and the first two list rows (Article, Folder); hover the pencil icon in the Article row so its 'Edit' tooltip is displayed. Exclude the rest of the list and all browser chrome. Needs human annotation: 2 px #FF4713 frames around the Create button and around the Edit icon (Snagit unavailable).",
P2,image,content_management/create_edit_content_types.md,42,img/content_type_general_properties.png,Editing a content type,10,removed,"The eight-row table immediately below the image documents every global property by name, so the screenshot only repeats a plain form that the text already states.",,
P2,image,content_management/configure_ct_field_settings.md,30,img/add_field.png,Adding a field,11,done,"Step 4 describes a drag-and-drop between two panels ('drag the required field tile to the section on the left'), a spatial relationship plus the transient blue insertion line that words do not convey. RETAKE NOTE: mid-drag held with synthetic HTML5 drag events, which render the blue insertion line and the highlighted Content group but not the dragged tile under the cursor.","Content -> Content types -> Content -> click Edit on the Article content type, then scroll to the Field definitions section. Start dragging a field tile (for example Date) out of the Field types panel on the right and hold it over the Content section on the left so the blue insertion line shows, and capture mid-drag. Crop to both panels side by side plus the Sections anchor list on the right; keep the content type name and the Save and close / Discard bar at the top, exclude browser chrome.",
P2,image,content_management/configure_ct_field_settings.md,70,img/select_page_blocks.png,Page blocks,11,done,"The 'Select blocks' section is buried inside the Landing page field definition of a content type, a non-obvious location, and the shot shows the group accordions plus the checked/unchecked tile states that the one-line instruction cannot convey. RETAKE NOTE: this instance's block groups are Dashboard / Customer Portal / default / PIM (no Commerce group). Four tiles ticked in the default group; the form was never saved.","Content -> Content types -> Content -> Edit the Landing page content type -> Field definitions -> expand the Landing page field, then expand the Select blocks section. Tick four or five blocks (for example Targeting, Form, Gallery, Text) so that both checked and unchecked tiles are visible. Crop to the Select blocks panel only: the collapsed block-group rows (Commerce, Dashboard, Customer Portal, default), the Select all checkbox, the inline caution message and the tile grid. Needs human annotation: 2 px #FF4713 frames around the selected tiles.",
P2,image,content_management/configure_ct_field_settings.md,74,img/page_blocks_toolbar_selected_blocks.png,Page blocks menu,11,removed,"It only illustrates the sentence directly above it ('Now, only selected page blocks are available in the edit mode') by re-showing the four blocks already ticked in the preceding screenshot.",,
P2,image,content_management/configure_ct_field_settings.md,87,img/select_layouts.png,Layouts,11,done,"The layout tiles are wireframe thumbnails of zone arrangements; the names alone ('Three rows, two columns') do not tell an editor what each layout looks like.","Content -> Content types -> Content -> Edit the Landing page content type -> Field definitions -> expand the Landing page field, then expand the Select layouts section. Crop to the whole layout grid so every wireframe thumbnail, its caption and its checkbox are legible, and include the Unselect all control at the top; exclude the neighbouring field sections. Capture whatever layouts this instance actually has configured - do not stage extra ones.",
P2,image,content_management/configure_ct_field_settings.md,96,img/select_editor_mode.png,Editor launch mode,11,removed,The image is a pair of radio buttons (Page view / Field view) in a labelled section; naming the two options in the prose conveys everything the picture does.,,
P2,image,content_management/configure_ct_field_settings.md,114,img/select_start_location.png,Select starting location,11,removed,"The bullet list immediately above enumerates and explains all four starting-location options, so the radio group adds nothing; it also bakes in the Ibexa-branded path 'Ibexa Digital Experience Platform / Ibexa Platform'.",,
P2,arcade,content_management/create_edit_content_items.md,57,T4dqNwZwGGpS3RaLHA6R,Create and edit article,14,removed,All 29 Arcade embeds are being removed; this one sits after the numbered create-content procedure and has no introductory sentence of its own.,,
P2,image,content_management/create_edit_content_items.md,77,img/multi_file_upload.png,Multi-file upload,14,removed,"It is an empty 'Drag and drop file / Upload file' modal, which breaks the never-an-empty-screenshot guideline and only repeats the instruction 'click Upload and choose all items that you want to upload'.",,
P2,image,content_management/create_edit_content_items.md,103,img/online_editor_menu.png,Online editor menu,14,done,"The sentence 'Its options appear when you click inside the field box' relies on the reader seeing the toolbar appear over a populated Rich Text field, and the toolbar is a row of unlabelled icons that prose cannot describe.","Content -> Content structure -> select a parent item -> Create content -> Article; type two or three realistic dummy paragraphs into the body Rich Text field, then click inside the field so the editor toolbar appears. Crop to the toolbar, the top of the populated field and the word/character counter, keeping the 'Distraction free mode' control visible on the right; exclude the rest of the edit form. Needs human annotation: 2 px #FF4713 frame around the toolbar.",
P2,image,content_management/create_edit_content_items.md,120,img/rich_text_block_elements.png,Available Rich Text block elements,14,removed,"It is a second, cropped capture of the same editor toolbar already shown 17 lines earlier, and the bullet list right above names all nine block elements in the order they appear.",,
P2,arcade,content_management/create_edit_content_items.md,125,wkdL1r9PRunTeF6hPtEs,Online Editor - work in Rich Text field,14,removed,All 29 Arcade embeds are being removed; the preceding sentences describe element settings and reordering and are not a lead-in to the video.,,
P2,image,content_management/create_edit_content_items.md,134,img/edit_embedded_item_richtext.png,Edit embedded content item,14,done,"'Click the three dots icon and click Edit' points at an icon that only appears on the embed widget inside the Rich Text field - a non-obvious location - and the drop-down is the subject, so its options must be visible.","In an Article draft's Rich Text field, insert an Embed element and pick one of the existing content items (only 5 exist in the repository). Hover the embed, click its three-dots icon and leave the menu open showing 'Go to content' and 'Edit'. Crop to the editor toolbar, the embed row inside the field and the open menu; exclude the rest of the edit form. Needs human annotation: 2 px #FF4713 frame around the three-dots icon.",
P2,image,content_management/create_edit_content_items.md,138,img/edit_embedded_item_language_richtext.png,Edit embedded content item - select language,14,removed,"Near-duplicate of the preceding screenshot with a language submenu added, while the sentence 'If the content item has more than one translation available, you need to select the language' is fully self-explanatory.",,
P2,image,content_management/create_edit_content_items.md,146,img/edit_embedded_items_relation.png,Edit embedded content item - set up a relation,14,removed,"The single sentence 'This option is also available when you want to set up a relation' needs no picture, and the shot repeats the same three-dots/Edit menu already shown at line 134 (with a broken 'null' content type value).",,
P2,image,content_management/create_edit_content_items.md,163,img/distraction_free_mode.png,Distraction free mode,14,removed,A wide shot of the editor in full screen only illustrates the sentence 'Distraction free mode expands the workspace to full screen and shows only editor toolbar'.,,
P2,image,content_management/create_edit_content_items.md,167,img/access_distraction_free_mode.png,Access distraction free mode,14,done,"The control sits above the field on the right, easy to miss among field labels, so the shot shows its position relative to the Rich Text field rather than restating the click.","In an Article draft, scroll to a Rich Text field that already contains dummy text. Crop to a narrow strip: the field label on the left, the 'Distraction free mode' control at the top right of the field and the first two lines of text, so the control's position relative to the field is unambiguous. Needs human annotation: 2 px #FF4713 frame around the Distraction free mode control.",
P2,image,content_management/create_edit_content_items.md,171,img/exit_distraction_free_mode.png,Exit distraction mode,14,removed,"The exit control carries its own label and the in-app banner repeats it, so the image adds nothing to 'click Exit distraction free mode or press Esc'; it is also a 3320x230 strip that cannot be displayed legibly.",,
P2,image,content_management/create_edit_content_items.md,201,img/online_editor_table.png,Table options in online editor,14,done,The Tables section is a heading plus one sentence; the floating table toolbar and its row drop-down are the only way to show where header/insert/delete row options live.,"In an Article draft's Rich Text field containing dummy paragraphs, insert a 3x3 Table, click inside a cell so the floating table toolbar appears, then open the row drop-down so all of its options (Header row, Insert row above, Insert row below, Delete row, Select row) are visible. Crop to the editor toolbar, the table with the paragraphs above and below it, and the open drop-down. Needs human annotation: 2 px #FF4713 frame around the table button in the main toolbar.",
P2,image,content_management/create_edit_content_items.md,213,ai_assistant_online_editor.png,Improve text button and AI actions,14,done,"'the Improve text button is visible in the online editor's toolbox' refers to an unlabelled sparkle icon, and the list of configured AI actions only exists in the drop-down. RETAKE NOTE: the AI actions panel has a fixed 300px max-height, so ""Go to AI actions"" sits below its scroll fold; shot with the search box and all seven actions visible. Numbered badges 1-2 still need a human with Snagit.","In an Article draft's Rich Text field, select one dummy paragraph, click the sparkle 'Improve text' button in the editor toolbar and leave the action list open (8 AI actions are configured on the instance) so the search box, the actions and 'Go to AI actions' are all visible. Crop to the toolbar, the selected passage and the open list. Needs human annotation: the numbered badges 1 (Improve text button) and 2 (selected action) cannot be reproduced without Snagit.",
P2,image,content_management/create_edit_content_items.md,217,ai_assistant_textline.png,Ai Assistant visible in Text Line field,14,done,"The prose only says the AI Assistant 'is also available when working with Text Line and Text Block fields'; the shot shows the sparkle icon sitting inside the field itself, which is where readers fail to find it.","In a content item draft (for example an Article), fill the Title Text Line field with realistic dummy text, click the sparkle icon at the right-hand edge of that field and leave the AI actions list open. Crop to the top of the edit form (Title plus the next one or two fields) together with the open list; exclude the left anchor panel and the top action bar. Needs human annotation: 2 px #FF4713 frame around the sparkle icon.",
P2,image,content_management/create_edit_content_items.md,226,ai_assistant.png,AI Assistant,14,removed,"The modal's four controls (Replace, Insert below, Try again, Stop) are each explained in the bullet list around the image, and the modal opens by itself, so nothing about its location or state needs showing.",,
P2,arcade,content_management/create_edit_content_items.md,233,oDRgSawmcExFx2NUJYbM,Use AI to expand the body text,14,removed,"All 29 Arcade embeds are being removed; the preceding block is a note about lengthy processing, not a lead-in to the video.",,
P2,image,content_management/create_edit_content_items.md,243,img/online_editor_link_siteaccess_picker.png,Selecting SiteAccess for cross-website linking,14,done,"The SiteAccess selector is one field inside the link pop-up that opens from an icon in the editor toolbar, a nested location the sentence cannot pinpoint, and the drop-down is the subject.","In an Article draft's Rich Text field, select a phrase, click the link icon in the editor toolbar, in the Link pop-up click Select content and pick an existing content item, then open the 'Site access' drop-down so all available SiteAccesses are listed. Keep the editor toolbar and the underlined selected text visible behind the pop-up. Crop to the field, the pop-up and the open drop-down. Needs human annotation: 2 px #FF4713 frames around the link icon and around the Site access drop-down.",
P2,image,content_management/create_edit_content_items.md,254,img/taxonomy_select_taxonomy_entries.png,Selecting Taxonomy entries,14,blocked,"Blocked on content model: the tag tree is now seeded (Topics with four child tags) on the local non-SaaS 6.0 instance, but no content type there has a Taxonomy Entry field in a Metadata section - the Article editor has no Meta tab and no Select path button - so the step the shot documents cannot be performed. Needs that field added to a content type.","Content -> Content structure -> edit a content item whose content type has a Metadata section with a Taxonomy Entry field, switch to the Meta tab, click Select path and capture the tag-selection pop-up with a multi-level tag tree expanded and two or three tags selected. Keep the Meta tab and the Tags field of the parent edit screen visible behind the pop-up; crop to the edit form plus the pop-up and exclude browser chrome.",
P2,image,content_management/create_edit_content_items.md,260,img/taxonomy_suggestions_content.png,Taxonomy entries suggested by the AI Assistant,14,removed,Inside a note whose sentence already says you 'click AI Suggest category and pick from suggestions made by the AI Assistant'; the modal of suggested chips adds no location or state information.,,
P2,arcade,content_management/create_edit_pages.md,47,d4T5EgOwz6bri2Zgy53M,Edit existing page,15,removed,All 29 Arcade embeds are being removed.,,"L45: KEEP - 'To edit an existing page, in the back office, from the content tree, choose the page that you want to edit, and click the Edit button.' is the section's own instruction and stands without the video."
P2,arcade,content_management/create_edit_pages.md,54,kbdnGkdrkXL2VAJW6c3O,Page Builder interface,15,removed,All 29 Arcade embeds are being removed.,,"L51-52: KEEP - 'Page Builder has a plain and intuitive interface. You can create pages without having advanced technical skills.' introduces the Page Builder interface section itself, not the video."
P2,image,content_management/create_edit_pages.md,56,img/page_builder_interface.png,Page Builder interface,15,done,"It is the anchor image for the A-E legend below it, which names five screen regions that only make sense against a picture of the whole Page Builder layout. RETAKE NOTE: the lettered badges A-E keyed to the legend still need a human with Snagit.","Content -> Content structure -> open a Landing page and click Edit to open Page Builder; add two or three blocks (for example Text, Form, Gallery) so the drop zone is not empty, and leave the Structure view panel open on the right. Capture the full Page Builder viewport at 1600x1000: the dark top bar with Close/Send to review/Publish/Save draft, the settings and device toolbars, the populated drop zone and the right-hand toolbox. Needs human annotation: the lettered badges A-E keyed to the legend cannot be reproduced without Snagit.",
P2,image,content_management/create_edit_pages.md,74,page_builder_toolbar_editpreview.png,Fields button,15,icon-exempt,"A single ~54 px toolbar button glyph rendered in a cell of the button/description table, not a product screenshot, so the rebranding almost certainly left it unchanged.",,
P2,image,content_management/create_edit_pages.md,75,page_builder_toolbar_switch_layout.png,Switch layouts,15,icon-exempt,"A single ~54 px toolbar button glyph rendered in a cell of the button/description table, not a product screenshot, so the rebranding almost certainly left it unchanged.",,
P2,image,content_management/create_edit_pages.md,76,page_builder_toolbar_preview_segment.png,Preview segments,15,icon-exempt,"A single ~54 px toolbar button glyph rendered in a cell of the button/description table, not a product screenshot, so the rebranding almost certainly left it unchanged.",,
P2,image,content_management/create_edit_pages.md,77,page_builder_toolbartimelinetoggler.png,Timeline button,15,icon-exempt,"A single ~54 px toolbar button glyph rendered in a cell of the button/description table, not a product screenshot, so the rebranding almost certainly left it unchanged.",,
P2,image,content_management/create_edit_pages.md,78,page_builder_toolbar_devicestoggler.png,View toggler,15,icon-exempt,"A single ~54 px toolbar button glyph rendered in a cell of the button/description table, not a product screenshot, so the rebranding almost certainly left it unchanged.",,
P2,image,content_management/create_edit_pages.md,79,page_builder_toolboxelements.png,Page blocks toolbox,15,icon-exempt,"A single ~54 px toolbar button glyph rendered in a cell of the button/description table, not a product screenshot, so the rebranding almost certainly left it unchanged.",,
P2,image,content_management/create_edit_pages.md,80,page_builder_toolbar_undo.png,Undo,15,icon-exempt,"A single ~54 px toolbar button glyph rendered in a cell of the button/description table, not a product screenshot, so the rebranding almost certainly left it unchanged.",,
P2,image,content_management/create_edit_pages.md,81,page_builder_toolbar_redo.png,Redo,15,icon-exempt,"A single ~54 px toolbar button glyph rendered in a cell of the button/description table, not a product screenshot, so the rebranding almost certainly left it unchanged.",,
P2,image,content_management/create_edit_pages.md,87,img/page_blocks_toolbox.png,Page blocks toolbox,15,done,"The Page blocks palette is the source of every drag-and-drop in the rest of the page, and its category grouping and the view-toggle icons that open it are not described anywhere in the prose.","In Page Builder on a Landing page, click the 'add block' (square with plus) icon at the top right to show the Page blocks toolbox. Crop to the toolbox panel including the two view-toggle icons above it, the Search box and enough of the grouped block list (Commerce, Customer Portal, default) to show the grouping; keep a narrow strip of the page preview on the left for context.",
P2,image,content_management/create_edit_pages.md,91,img/structure_view.png,Structure view toolbox,15,removed,"The one-line bullet describes the tree fully, the labelled interface shot at line 56 already marks this panel (B), and structure_view_move.png at line 118 shows the same panel populated with blocks.",,
P2,image,content_management/create_edit_pages.md,118,structure_view_move.png,Structure view toolbox - reorder blocks,15,done,"The third reorder bullet sends the reader to a three-dots menu on a row of the Structure view tree, a nested and non-obvious location, and the menu is the subject.","In Page Builder on a page holding at least three blocks, switch to the Structure view toolbox (tree icon, top right), hover one block row and click its three-dots icon so the Move up / Move down menu is open. Crop to the Structure view panel: the drop zone node, its child block rows and the open menu; exclude the page preview. Needs human annotation: 2 px #FF4713 frame around the three-dots icon.",
P2,image,content_management/create_edit_pages.md,123,drop_zone_line.png,Drop zone line,15,done,"'Before you drop it, a bold line appears' is a transient drag state - the insertion line, the highlighted zone and the dragged tile only exist mid-drag and cannot be conveyed in words.","In Page Builder on a page that already holds two blocks, drag a third block (for example Banner) from the Page blocks toolbox and hold it between the two existing blocks so the bold blue insertion line and the dragged tile are both visible; capture mid-drag. Crop to the drop zone only: the zone label, both existing blocks, the insertion line, the dragged tile and the 'Drag and drop blocks here' placeholder.",
P2,image,content_management/create_edit_pages.md,128,block_properties.png,Block properties,15,removed,"It only illustrates the sentence above it ('the block settings panel open immediately'), and the per-block fields it shows are documented in Block reference; the sample also depends on a Personalization scenario, which is upsell-only on this instance.",,
P2,image,content_management/create_edit_pages.md,133,img/user_settings.png,User settings,15,done,"'access your user settings on the right side of the top bar' points at an avatar with no label, and the drop-down that holds the User settings entry is the subject.","In the back office, click your avatar at the far right of the top bar and leave the menu open (Logged as ..., User settings, Logout). Crop tightly to the top-right corner: the search field, the bell and avatar icons and the whole open menu; do not include the empty page area below the bar.",
P2,image,content_management/create_edit_pages.md,139,img/user_settings_blocks.png,User settings - blocks,15,done,"The 'Automatically open block settings in builders' setting is one row among many in the My preferences Edit section, so the shot shows which of the look-alike drop-downs to change.","Avatar menu -> User settings -> My preferences tab -> Edit section, then click the Edit icon to switch the section into edit mode. Crop to the Edit section so the 'Automatically open block settings in builders' drop-down is visible together with its neighbouring settings and the Save button; drop the tall empty area under the page title. Needs human annotation: the numbered badges 1 (the setting) and 2 (Save) cannot be reproduced without Snagit.",
P2,image,content_management/create_edit_pages.md,156,img/block_settings_menu.png,Block toolbar,15,done,"'Hover over the block and the toolbar appears' is a hover-only visual state, and the seven actions listed below the image live behind the three-dots icon, so the menu must be shown open.","In Page Builder on a page with a Text block, hover the block so its blue toolbar appears, then click the three-dots icon and leave the menu open so every action named in the list below the image (Move up, Move down, Block settings, Copy, Duplicate, Refresh, Delete) is visible. Crop to the block toolbar, the open menu and the top of the block inside its drop zone. Needs human annotation: 2 px #FF4713 frame around the three-dots icon.",
P2,image,content_management/create_edit_pages.md,168,img/block_window_size_adjust.png,Block window - size adjustment,15,removed,"It is dropped after the list of block toolbar actions but its subject, the resize border, is only described 35 lines later ('When you hover over the window frame, blue line appears'), which that sentence covers on its own; the panel shown is also empty.",,
P2,image,content_management/create_edit_pages.md,182,img/page_builder_page_blocks_clipboard.png,The clipboard section containing a Code block,15,done,"The Clipboard section only exists after a block is copied and appears at the top of the Page blocks toolbox, a state and location the reader cannot guess from 'it gets saved in the Clipboard section'.","In Page Builder, hover a configured block (for example Code or Text), open its three-dots menu and click Copy, then open the Page blocks toolbox: the Clipboard section appears above the block groups holding the copied block. Crop to the toolbox panel from the Search box down through the Clipboard section and the first two block groups. Needs human annotation: 2 px #FF4713 frame around the Clipboard section.",
P2,arcade,content_management/create_edit_pages.md,184,NqvkgfWoNZkynskJxHEn,Copy option and Clipboard,15,removed,All 29 Arcade embeds are being removed; the paragraphs before it explain the clipboard itself and are not a lead-in to the video.,,
P2,image,content_management/create_edit_pages.md,191,img/block_settings_icon.png,Block settings icon,15,removed,"Near-identical crop of the same hover toolbar already shown at line 156, differing only in which icon is framed, so it is intra-page duplication.",,
P2,image,content_management/create_edit_pages.md,222,img/edit_embedded_content_item.png,Edit embedded content item,15,done,"'click the icon on the right side and click Edit' refers to a three-dots icon on a row inside the block settings panel, a nested non-obvious location, and the menu is the subject.","In Page Builder, add a Collection block (use Collection, not the Product collection block shown today - the instance has zero products and no product types), select three existing content items, then click the three-dots icon on one row of the block's item list and leave the 'Go to content' / 'Edit' menu open. Crop to the block settings field holding the list plus the open menu; exclude the page preview. Needs human annotation: 2 px #FF4713 frame around the three-dots icon.",
P2,image,content_management/create_edit_pages.md,230,img/edit_item_select_language.png,Edit embedded content item - select language,15,removed,"Near-duplicate of the preceding shot with a language submenu added, while 'If the content item has more than one translation available, you need to select the language' says all the reader needs.",,
P2,image,content_management/create_edit_pages.md,250,img/distraction_free_mode.png,Distraction free mode,15,removed,Same asset and same purpose as on create_edit_content_items.md: a wide editor shot that only illustrates the sentence 'expands the workspace to full screen and shows only editor toolbar'.,,
P2,image,content_management/create_edit_pages.md,254,img/access_distraction_free_mode_PB.png,Access distraction free mode,15,done,"In Page Builder the control sits inside the block settings panel above the Rich Text area, a different and easily missed position from the content item editor, so it shows where to click in this context.","In Page Builder, add a Text block, open its Block settings and paste two or three dummy paragraphs into the Content Rich Text field. Crop to a strip of the settings panel: the 'Content' label on the left, the 'Distraction free mode' control at its right and the first lines of the text below. Needs human annotation: 2 px #FF4713 frame around the Distraction free mode control.",
P2,image,content_management/create_edit_pages.md,258,img/exit_distraction_free_mode.png,Exit distraction free mode,15,removed,"Same asset as on create_edit_content_items.md: a labelled button plus the in-app banner that repeats 'click Exit distraction free mode or press Esc', in a 3320x230 strip that cannot be shown legibly.",,
P2,image,content_management/block_reference.md,39,img/page_blocks_toolbox.png,Page blocks toolbox,16,removed,"The image and the two bullets around it are copied verbatim from create_edit_pages.md, where the Page Builder views are explained and this shot is kept; on a block reference page it is cross-page duplication.",,
P2,image,content_management/block_reference.md,43,img/structure_view.png,Structure view toolbox,16,removed,Copied verbatim from create_edit_pages.md and the one-line bullet describes the tree fully; the page structure tree is also beside the point on a page that documents individual blocks.,,
P2,image,content_management/block_reference.md,55,img/block_settings.png,Block settings,16,done,"'Click on the settings icon next to the block's name' refers to a hover-only toolbar of unlabelled icons, and the six settings listed below are split between that toolbar and the overflow menu, so both must be visible.","In Page Builder on a page with at least one configured block (for example Orders or Text), hover the block so its blue toolbar appears (drag handle, up and down arrows, gear, three dots), then open the three-dots menu showing Duplicate, Refresh and Delete block. Crop to the drop zone with the block toolbar and the open menu, keeping the 'Drag and drop blocks here' placeholder for context. Needs human annotation: 2 px #FF4713 frame around the gear (Block settings) icon that the text tells the reader to click.",
P2,image,content_management/block_reference.md,248,img/page_builder_segment_preview.png,Previewing page for a given segment,16,done,"'You can preview the page for each of the available segments' is the section's only pointer to a feature reached through an unlabelled toolbar icon, and the Segments panel that lists the segment groups is the subject. RETAKE NOTE: two segment groups (Corporate Accounts, Visitor intent) with two segments each were seeded first - the panel was an empty state before that.","In Page Builder on a Landing page, click the segment-preview (person) icon in the settings toolbar to open the Segments panel. Crop to the dark top bar, the settings toolbar with the segment icon active and the full Segments panel so the None option and every segment group with its segments are visible (Segments are configured on this instance); exclude the page preview area below.",
P2,image,content_management/preview_content_items.md,15,page_builder_toolbar_preview_segment.png,Preview segments,17,icon-exempt,"A 54x54px single toolbar glyph rendered inside an Icon/Description table cell on line 15, not a product screenshot.",,
P2,image,content_management/preview_content_items.md,16,page_builder_toolbartimelinetoggler.png,Timeline button,17,icon-exempt,"A 54x54px single toolbar glyph rendered inside an Icon/Description table cell on line 16, not a product screenshot.",,
P2,image,content_management/preview_content_items.md,26,page_builder_toolbar_devicestoggler.png,View toggler,17,icon-exempt,"A 174x54px isolated three-button device-width control shown on its own under the tip, a glyph strip rather than a captured screen.",,
P2,arcade,content_management/preview_content_items.md,34,5Y1i3W29Jsg6J0za71GL,"Preview an article,",17,removed,All 29 Arcade embeds are being removed; the embed sits after the self-contained bullet list on lines 30-32 with no introducing sentence.,,
P2,image,content_management/translate_content.md,32,img/translate_from_content_tree.png,Starting the translation from the content tree,18,done,"Step 1 on line 30 offers two entry points but does not say that 'Add translation' is buried in the content tree's three-dots context menu, so the shot supplies a non-obvious location; it also shows the old 'Ibexa Digital Experience Plat...' tree root and needs human annotation for the numbered badges 1-4 (Snagit unavailable).","Log in to https://piano.stg.cohesivo.app/, go to Content > Content structure, select any content item in the content tree, click the three dots icon next to it and leave the context menu open. Crop to the left menu + content tree + the open context menu, keeping the item's details screen partially visible on the right; exclude the top bar. Annotation: badges 1 on the Content menu icon, 2 on 'Content structure', 3 on the three dots icon, 4 on the 'Add translation' entry, plus a #FF4713 highlight on 'Add translation'.",
P2,image,content_management/translate_content.md,48,img/translations_create_translation.png,Create a new translation modal,18,blocked,"Blocked on configuration: the 'Create a new translation' modal on the local non-SaaS 6.0 instance does show the 'Use automatic translation' checkbox, but it is disabled with 'To enable automatic translation, contact your administrator' - the instance ships auto-translate AI actions for OpenAI, Gemini and Anthropic but OPENAI_API_KEY is a placeholder, so no provider is enabled and the provider drop-down the shot is about never renders.","Once translation providers are configured: Content > Content structure > select a content item > Translations tab > + Add. In the 'Create a new translation' modal pick a source and target language, tick 'Use automatic translation' and open the provider drop-down so all providers and the search field are visible. Crop to the modal with the parent editing screen greyed out behind it; exclude the browser chrome.",
P2,image,content_management/translate_content.md,79,img/version_compare_icon.png,Version Compare Icon,18,icon-exempt,"A 38x36px glyph rendered mid-sentence with the {.inline-image} class inside step 3, a single icon rather than a product screenshot.",,
P2,image,content_management/translate_content.md,83,img/view_switcher.png,View switcher,18,icon-exempt,"A 240x70px isolated two-segment Split/Unified toggle lifted out of the screen, a control glyph rather than a capture of the running app.",,
P2,image,content_management/translate_content.md,88,img/compare_translations.png,Compare translations screen,18,done,"Step 5 says the screen 'refreshes to display the side by side view of its fields', a spatial arrangement of two language columns with their own version drop-downs that words do not convey; the current shot still carries a 'Language select placeholder' bug and pre-rebranding chrome. RETAKE NOTE: ger-DE and fre-FR were added under Admin > Languages and the article was translated into German and published. The ""Language select placeholder"" bug the reason column mentions is still present in this version. The Intro field reads the same in both columns - the German Intro did not persist through publish.","Admin > Languages > Add language (e.g. ger-DE) if needed, then translate one of the five existing content items manually and publish it so two published language versions exist. Disable Focus mode, open the content item, go to Versions tab, click the Version compare icon, switch to Split, and choose 'Published - Version N - English (United Kingdom)' on the left and the German version on the right. Crop to the Comparing versions header row plus the first two or three compared fields; exclude the left menu.",
P2,image,content_management/translate_content.md,125,img/translations_management_language_pairs.png,Creating a language pair,18,blocked,Blocked on configuration: the mandatory 'Translation service' field cannot be filled because no translation provider is enabled (the local non-SaaS 6.0 instance has auto-translate AI actions configured but no working API key). Also needs human annotation for the numbered badges 1-4.,"Once translation services are enabled: Admin > Languages > Language pairs tab > + Add language pair. Select a source language, open the 'Target languages' multi-select and tick two languages so the expanded list is visible, and select a translation service. Crop to the whole 'New language pair' pane including the Save and close / Discard buttons. Annotation: badges 1 on Source language, 2 on Target languages, 3 on Translation service, 4 on Save and close.",
P2,image,content_management/translate_content.md,166,img/managing_translations_sxs_view.png,Side-by-side translation view,18,done,"The section defines the view by its geometry - a read-only source column beside an editable target column, with anchors and per-field AI icons - which is exactly the spatial relationship lines 158-164 describe but cannot show. BLOCKED: the side-by-side translation editor is not available on this instance. The ""Create a new translation"" dialog offers only Source language / Target language / Create / Cancel - there is no ""Open side-by-side"" action, no automatic-translation checkbox, and no side-by-side preference under User settings. RETAKE NOTE: Shot on the local non-SaaS 6.0 instance (localhost:8000), which does offer the side-by-side translation editor (Translations tab > Add > Open side-by-side). German and French were added as site languages first.","Admin > Languages > add a second language (e.g. ger-DE). Content > Content structure > select a content item with several fields > Translations tab > + Add, pick English as source and German as target with automatic translation unchecked, click 'Open side-by-side', and fill in a few target fields with realistic dummy text. Crop to the full side-by-side editor from the title bar (Publish / Preview / Delete draft / Save and close) down through the first three or four field pairs; exclude the browser chrome and any review banner.",
P2,image,content_management/translate_content.md,172,img/translations_distraction_free_mode.png,Distraction-free mode,18,done,"Line 170 mentions synchronized scrolling of longer texts; the shot is needed to show the unlabeled sync-scroll control that sits on the divider and the two synchronized panels, neither of which the sentence locates. BLOCKED: depends on the side-by-side translation view, which this instance does not offer (see managing_translations_sxs_view.png). RETAKE NOTE: Shot on the local non-SaaS 6.0 instance (localhost:8000); distraction-free mode on the Body field with the sync-scroll button hovered. Highlight drawn with ImageMagick rather than Snagit.","In the side-by-side translation view (see the previous row), put several paragraphs of dummy text in the source and target rich-text fields, then click 'Distraction free mode' on the Body field. Hover the sync-scroll button on the divider so its 'Sync scrolling between both panels' tooltip shows. Crop to the distraction-free overlay including the blue 'To exit distraction free mode' bar and both text panels. Annotation: a #FF4713 ring around the sync-scroll button (the current red circle needs human annotation, Snagit unavailable).",
P2,image,content_management/translate_content.md,179,img/translations_select_source.png,Source language selection,18,done,"The drop-down is the subject of the section, so per the guidelines it must be captured expanded showing every selectable source language - a visual state the two sentences on lines 176-177 cannot convey. BLOCKED: depends on the side-by-side translation view, which this instance does not offer (see managing_translations_sxs_view.png). ger-DE and fre-FR are now configured, so only the view itself is missing. RETAKE NOTE: Shot on the local non-SaaS 6.0 instance (localhost:8000) on a French translation whose content already has English and German published, so the Source language drop-down has two options and a check mark.","Admin > Languages: make sure at least three languages exist (eng-GB, ger-DE, fre-FR) and that the content item has two or more published language versions. Open the side-by-side view for a third language, then click the 'Source language' drop-down at the top of the source column so all available source languages and the check mark on the current one are visible. Crop to the top strip of both columns (Source language drop-down open, 'Target language: ...' label and the first target field); exclude everything below the first field.",
P2,image,content_management/translate_content.md,187,img/translations_copy_source.png,Copy all from source button,18,done,"Line 183 says only that 'the divider between the source and target columns contains a Copy all from source button'; the button is a tiny unlabeled glyph on the divider, so the shot supplies a non-obvious location the words cannot. BLOCKED: depends on the side-by-side translation view, which this instance does not offer (see managing_translations_sxs_view.png). RETAKE NOTE: Shot on the local non-SaaS 6.0 instance (localhost:8000); 'Copy all from source' tooltip on the divider button. Highlight drawn with ImageMagick rather than Snagit.","Open the side-by-side translation view for a content item, then hover the small button on the vertical divider between the columns so its 'Copy all from source' tooltip appears. Crop to a horizontal band covering both column headers and the first field pair, centred on the divider button; exclude the page title bar. Annotation: a #FF4713 ring around the divider button (currently a red circle, needs human annotation).",
P2,image,content_management/translate_content.md,201,img/translations_collapse_source.png,Collapse source button,18,done,"Line 198 ties the button to the non-default layout where the source sits on the right; the shot shows both that layout and the unlabeled collapse glyph on the divider, which the sentence only names. BLOCKED: depends on the side-by-side translation view, which this instance does not offer (see managing_translations_sxs_view.png). RETAKE NOTE: Shot on the local non-SaaS 6.0 instance (localhost:8000) after switching User settings > Browsing > Side-by-side layout to 'Source language on the right'; the setting was switched back afterwards.","In User settings, switch the side-by-side source column to the right. Open the side-by-side translation view for a content item, then hover the button on the divider so its 'Collapse source language' tooltip shows. Crop to a narrow band containing 'Target language: ...' on the left, the divider button with tooltip, and the 'Source language' drop-down on the right. Annotation: a #FF4713 ring around the divider button (needs human annotation).",
P2,image,content_management/translate_content.md,247,img/translations_review_status.png,Review status badges in the Versions tab,18,blocked,"Blocked on configuration: the 'Translated' and 'For review' badges only exist on drafts created by automatic translation, which needs an enabled translation provider; none is available on either instance.","Once translation services are enabled: create two automatic draft translations of one content item, accept one of them, and add a third manually translated draft so a badge-less row is visible for contrast. Disable Focus mode, open the content item and go to the Versions tab. Crop from the content item title and tab bar down through the Open drafts table and the Published version row so the Translation status column and all three badge states are visible.",
P2,image,content_management/translate_content.md,251,img/translations_review_banner.png,Review banner in the side-by-side view,18,blocked,"Blocked on configuration: the review banner only appears on a draft whose translation status is 'For review', which requires an automatic translation; no translation provider is enabled on either instance.","Once translation services are enabled: create an automatic translation of a content item, reopen that draft in the side-by-side view so the review banner appears at the bottom. Crop to a band containing the bottom of both text columns and the whole dark review banner with the content item name and the Accept and Reject actions; exclude the rest of the editor.",
P2,arcade,content_management/work_with_forms.md,14,6TuwPfbDTXTo6SnYSiyW,Form Builder interface,19,removed,"All 29 Arcade embeds are being removed; the sentence above it introduces the Form Builder itself rather than the recording, so only the iframe goes.",,"L12: KEEP - ""You can create a form with a visual drag-and-drop editor, the Form Builder."" names the tool and its drag-and-drop nature and is the lead-in to the whole page, so it survives without the video."
P2,image,content_management/work_with_forms.md,31,img/select_form.png,Select form,19,removed,"Step 2 on lines 26-29 already enumerates both fields of the slide-out pane ('Select a language', 'Select a content type', then Form and Create), so the shot only illustrates what the text states and shows nothing non-obvious.",,
P2,image,content_management/work_with_forms.md,35,img/build_form.png,Build form,19,removed,Step 3 on line 33 is 'Provide the title and click Build form' and the image shows only a Title field and a Build form button - a literal restatement with no non-obvious location or state.,,
P2,image,content_management/work_with_forms.md,40,img/drag_form_fields.png,Drag form fields,19,done,"Step 4 on line 37 refers to the image's labels directly ('Drag (A) or click (B)'), so the prose is unfollowable without it; the shot needs human annotation because the A/B badges and the drag arrows cannot be reproduced without Snagit. RETAKE NOTE: shot as the single (A) drag state - insertion line in the canvas, palette entry emptied. The two-panel A/B composition with circled letters and curved arrows still needs a human with Snagit.","Content > Form > Create content > Form, give it a title, click Build form. Capture two states of the Form Builder side by side: (A) a 'Single line input' being dragged from the Fields palette into the canvas, (B) the same palette entry being clicked with the cursor on it. Crop each to the Build form modal from its dark header down to the palette's 'File' entry; exclude the browser chrome. Annotation: circled letters A and B above the two panels and curved arrows showing the drag path in panel A - needs human annotation.",
P2,image,content_management/work_with_forms.md,44,img/form_settings.png,Form settings,19,done,"Step 5 on line 42 says only 'Click on the Settings icon'; the icon is an unlabeled gear that appears on the field row itself inside the builder canvas, so the shot supplies a location the sentence does not give.","Open the Form Builder for a form (Content > Form > select form > Edit > Build form), add a 'Single line input' field, then hover its row so the gear and X icons appear and the 'Settings' tooltip is shown. Crop tightly to that single field row plus the tooltip; exclude the palette and the modal header.",
P2,image,content_management/work_with_forms.md,49,img/form_builder_button.png,Options of a Form submission button,19,done,"Lines 46-47 say the Button field offers 'one of a few options of what is shown to the user' without listing them, and the drop-down is the subject of the shot, so per the guidelines the Action drop-down must be captured expanded - the current image has it collapsed and therefore shows none of the options.","In the Form Builder add a 'Button' field, click its Settings gear to open the Button panel, then open the 'Action' drop-down so every option ('Show a message', redirect, and so on) is visible. Crop to the whole Button settings panel from its 'Button' header down to the Submit / Discard buttons, keeping the form canvas visible behind it; exclude the browser chrome.",
P2,arcade,content_management/work_with_forms.md,71,YayMqLkQ6QeCZFeVyQxp,Build a form,19,removed,All 29 Arcade embeds are being removed; the embed follows step 11 of the numbered procedure with no sentence introducing it.,,
P2,image,content_management/work_with_forms.md,82,img/form_builder_submissions.png,Form Builder submissions,19,blocked,"Blocked on environment: the form has no submissions and none can be produced - the Form block cannot be dropped onto a Page Builder zone from automation, so there is no rendered form to submit through.","Publish a form with a few fields, then submit it two or three times (through the site or the Page Builder preview) so the table is populated with realistic dummy entries. Open Content > Form > that form and select the Submissions tab. Crop from the content item title and tab bar down through both submission rows so the Submissions (n) header, the download and delete icons and the per-row eye icon are all visible; exclude the left menu.",
P2,image,content_management/work_with_forms.md,92,img/build_newsletter.png,Build newsletter,19,removed,"Step 2 on line 90 is 'Enter Newsletter as a title and click Build form' and the image is the same empty Title + Build form pane already shown on line 35, so it is a duplicate that only restates the sentence.",,
P2,image,content_management/work_with_forms.md,96,img/newsletter_fields.png,Basic form fields,19,removed,"Step 3 on line 94 already lists the five field types to add, and the image is just that same list rendered as builder rows - no non-obvious location, relationship or state.",,
P2,image,content_management/work_with_forms.md,106,img/newsletter_settings.png,Newsletter settings,19,removed,"Step 4 on lines 100-104 spells out every field name to enter, and the image is only the resulting list of renamed rows, so it illustrates what the text already states.",,
P2,image,content_management/work_with_forms.md,112,img/newsletter_add_to_page.png,Add to page,19,done,"Step 6 on line 110 says to open Page Builder and drag the Form block onto a zone; the shot shows the Elements palette on the right, the block being dragged and the 'Drop block here' target - a spatial relationship the sentence cannot convey. RETAKE NOTE: full Page Builder window with the dark top bar and the Page blocks palette; the floating dragged block is not painted by Playwright, and the Form block would not drop into the zone from automation.","Content > Content structure > select a Landing page > Edit to open Page Builder. Open the Elements panel, start dragging the 'Form' block from the 'default' group towards an empty zone so both the palette entry and the floating block plus the 'Drop block here' placeholder are visible. Crop to the full Page Builder window including its dark top bar and the Elements panel; exclude the browser chrome.",
P2,image,content_management/work_with_forms.md,117,img/newsletter_button_submit.png,Block settings,19,removed,"Step 7 on lines 114-115 names every control to click, and the image does not even show the described state (it shows a 'Change' button because a form is already selected, not the 'Select content' button), while the Page Builder layout is already covered by the shot on line 112.",,
P2,image,content_management/work_with_forms.md,121,img/newsletter_result.png,Newsletter form,19,removed,"Line 119 is 'Now, you can see a Newsletter form on your page' - a decorative outcome shot of the fields the reader has just been told to add, with no non-obvious location or state.",,
P2,image,content_management/taxonomy/taxonomy.md,17,img/taxonomy_content_list.png,Taxonomy tree and tag details,20,done,"The section's point is the shape of a populated taxonomy tree beside a tag's details and Content tab, but the environment's taxonomy contains only the root tag, so the tree and the assigned-content list would both be empty - needs a seeded taxonomy (a parent tag with 4-5 children) plus several content items assigned to one of those tags. RETAKE NOTE: Shot on the local non-SaaS 6.0 instance (localhost:8000) after seeding a Topics tag with four child tags and assigning three articles to Sustainability.","Once tags are seeded: Content > Tags, expand the tree so Root, a parent tag and its children are visible, select a child tag and open its Content tab (which requires content items carrying a Taxonomy Entry Assignment field pointing at that taxonomy and assigned to the tag). Crop to the taxonomy tree panel on the left plus the tag's details screen with the tab bar and the first rows of the Content items list; exclude the top bar and the browser chrome.",
P2,arcade,content_management/taxonomy/work_with_tags.md,26,l7FSQBrnzGvtBgAaicrs,Add new tag,21,removed,All 29 Arcade embeds are being removed; the sentence above it reports the outcome of the preceding procedure rather than announcing the recording.,,"L24: KEEP - ""Now, the tag is visible in the taxonomy tree."" states the result of the seven-step Add tag procedure and remains meaningful with the video gone."
P2,image,content_management/taxonomy/work_with_tags.md,61,img/taxonomy_delete_tag.png,Delete tag,21,done,"The two steps only say to click the three dots icon and pick Delete; the shot is needed because that context menu is not discoverable from the tree, but the environment's taxonomy holds only the root tag so there is no deletable child tag to show - needs a seeded tag tree (a parent tag with several children). RETAKE NOTE: Shot on the local non-SaaS 6.0 instance (localhost:8000); three-dots context menu on a child tag. Highlight drawn with ImageMagick rather than Snagit.","Once tags are seeded: Content > Tags, expand the tree to show Root, a parent tag and its children, click the three dots icon next to a child tag and leave the context menu open on 'Delete'. Crop to the taxonomy tree panel plus the open context menu, keeping the tag details screen partially visible behind it; exclude the top bar. Annotation: a #FF4713 highlight on the Delete entry.",
P2,image,content_management/taxonomy/work_with_tags.md,69,img/taxonomy_content_list.png,Content list,21,removed,"Lines 65-67 give the complete three-step path (Tags section, click the tag, Content tab) and the image - the very same file already used on taxonomy.md line 17 - is a decorative 'here is what the list looks like' shot that adds no non-obvious location or state.",,
P2,image,content_management/content_versions.md,25,img/content_item_versions.png,All versions of a content item,22,done,"The page defines three version types in prose and the Versions tab is the one place where the reader sees them as three separate groupings (Open drafts, Published version, Archived versions) with their per-row actions, a structure the text describes only abstractly; the current shot is also full of 'Ibexa Digital Experience Platform' naming.","Pick one of the existing content items, edit and publish it twice so an archived version exists, then save one further draft without publishing. Disable Focus mode, open the content item and select the Versions tab. Crop from the content item title and tab bar down far enough to show one row in each of Open drafts, Published version and Archived versions; exclude the left menu. Annotation: a #FF4713 rectangle around the Versions tab.",
P2,image,content_management/workflow_management/work_with_versions.md,14,img/workflow_events_timeline.png,Events timeline,23,removed,"Line 12 already states that you 'see the Event(s) timeline that lists all the transitions that this content has gone through', and the image adds only a single 'Stage changed to Quick review' line, so it illustrates what the text says.",,
P2,image,content_management/workflow_management/work_with_versions.md,18,img/lock_message.png,Draft assignment message,23,removed,"Line 16 already paraphrases the banner ('you also see a message that confirms that the draft is now locked to you') and the image is nothing but that one notification sentence, with no location, layout or state information.",,
P2,image,content_management/workflow_management/work_with_versions.md,32,img/version_compare_icon.png,Version Compare Icon,23,icon-exempt,"A 38x36px glyph rendered mid-sentence with the {.inline-image} class, a single icon rather than a product screenshot.",,
P2,image,content_management/workflow_management/work_with_versions.md,36,img/versions.png,Versions,23,done,"Line 34 says to 'select the two versions that you want to compare' from the drop-down menus; the drop-down is the subject, so the expanded list showing the status-version-language entry format is a visual state the sentence does not convey.","Take one of the existing content items and edit/publish it repeatedly so it has at least one archived, one published and one draft version. Disable Focus mode, open the item, go to the Versions tab and click the Version Compare icon, then open the left-hand version drop-down so every entry (Archived / Published / Draft with version number and language) and the check mark on the selected one are visible. Crop to the selected field plus the whole expanded list; exclude the rest of the comparison screen.",
P2,image,content_management/workflow_management/work_with_versions.md,43,img/unified_view.png,Version comparison in Unified view,23,done,"Lines 38-41 name the two view options but only the screenshots show what 'Unified - single column view' actually looks like, which is a visual state words do not convey.","In the Comparing versions screen for a content item with two differing versions, click 'Unified' in the top-right switcher. Crop to the whole comparison screen from the 'Comparing versions' header and the Split/Unified switcher down through several compared fields, so the single-column layout and the change highlighting are both visible; exclude the browser chrome.",
P2,image,content_management/workflow_management/work_with_versions.md,51,img/split_view.png,Version comparison in Split view,23,done,"Lines 45-49 explain the yellow/blue/red colour coding of changes; the colours themselves are a visual state that only the screenshot can show, next to the two-column Split layout.","Create two versions of a content item that differ in several ways (change one field's text, empty another, fill a previously empty one). In the Comparing versions screen choose those two versions and select 'Split'. Crop to the whole comparison screen including the header, the two version drop-downs and enough field rows to show a yellow (updated), a blue (added) and a red (deleted) band; exclude the browser chrome.",
P2,arcade,content_management/workflow_management/work_with_versions.md,53,RRBS7OWNfcFMQOmiVgBs,Compare versions,23,removed,All 29 Arcade embeds are being removed; the embed sits between the Split view image and line 55 with no sentence introducing it.,,
P2,image,content_management/workflow_management/work_with_versions.md,57,img/image_comparison.png,Image comparison,23,blocked,"Needs two versions of one content item carrying different images. Media > Images is now populated on the local non-SaaS 6.0 instance (four generated product images), so only the two-version content item is still missing.","Once images exist: upload two different images to Media > Images, put one in a content item's image field and publish, then replace it with the other and publish again. Open that item's Versions tab, click the Version Compare icon, select the two versions and use Split view. Crop to the band covering the image field rows on both sides so both thumbnails and their 'Image file properties' (file name, size, alternative text, master dimensions, ratio) are readable; exclude the other fields.",
P2,image,content_management/workflow_management/editorial_workflow.md,26,img/dashboard_review_queue.png,Review queue in the dashboard,24,done,"Line 28 says the reader can 'access the draft for editing, review its history, unlock the draft, or request that a lock is released' from this table, but those four actions are unlabeled icons at the end of each row, so the shot supplies locations the prose only names; it also shows the assigned-reviewer and stage-badge columns described on lines 23-24. RETAKE NOTE: a Folder draft was sent to Quick Review with John Doe added as reviewer, but the Assigned to column still renders empty on this instance.","Take one of the existing content items whose type is covered by the 'Quick Review' workflow (the workflow's Content under review tab shows it covers Folder and Tag items), create a draft, click 'Send to review' and assign a reviewer so the row appears. Go to My dashboard and scroll to the Review queue table. Crop tightly to the Review queue panel: its heading, the column headers (Name, Assigned to, Status, Content Type, Modified language, Activity) and one or two populated rows including the trailing action icons; exclude the surrounding dashboard widgets.",
P2,arcade,content_management/workflow_management/editorial_workflow.md,32,6ADNUCnEPbEa6MAqWI9u,Assign an article to review,24,removed,"All 29 Arcade embeds are being removed; the embed follows the 'For more information, see Work with versions' cross-reference and has no introducing sentence.",,
P2,image,content_management/workflow_management/view_workflow_list.md,9,img/workflow_panel.png,Workflow in Admin Panel,25,done,"Line 7 says to view workflows 'in the Admin panel by selecting Workflow', but the Admin panel is reached through an unlabeled gear icon at the bottom of the icon rail, so the shot supplies a non-obvious navigation path; the current image is dominated by the old ibexa wordmark and needs human annotation for badges 1-2 (Snagit unavailable).","Click the gear (Admin) icon at the bottom of the left icon rail, then select Workflow in the Admin menu. Crop from the top bar down the full height of the Admin menu so the gear icon, the menu with Workflow selected and the List (1) table with the 'Quick Review' row and its Limitations column are all visible; exclude the browser chrome. Annotation: badge 1 on the gear icon, badge 2 on the Workflow menu entry, plus #FF4713 rectangles around both - needs human annotation.",
P2,image,content_management/workflow_management/view_workflow_list.md,13,img/workflow_diagram.png,Workflow diagram,25,done,"Line 11 says only 'You can preview a diagram of the workflow'; the generated stage/transition diagram and the Workflow information block above it are visual content that the sentence cannot convey, and the current capture shows the old ibexa wordmark.","Admin > Workflow > click 'Quick Review' and stay on the Details tab. Crop from the top bar down to the bottom of the rendered diagram so the breadcrumb, the Details / Content under review tabs, the Workflow information block (Name, Limitations, Stages) and the Draft -> Quick review diagram are all visible; exclude the browser chrome. Annotation: a #FF4713 rectangle around the 'Workflow diagram' heading.",
P2,image,content_management/workflow_management/view_workflow_list.md,17,img/workflow_content_under_review.png,Content under review,25,removed,"Line 15 fully describes the action and the only non-obvious element - the 'Content under review' tab - is already visible in the tab bar of the retained image on line 13, so this shot is a redundant 'here is the list' capture.",,
P2,image,content_management/content_organization/copy_move_hide_content.md,26,img/multi_file_move.png,Multi-file move,26,done,"Line 24 sends the reader to the Sub-items tab to 'select multiple items, and click Move', but Move exists twice on that screen and the bulk-action toolbar (Upload / Move / Add Locations / Hide / Reveal / Delete) only appears once rows are checked, so the shot shows a state and a location the sentence does not; it also carries 'Ibexa Digital Experience Platform' and 'Ibexa Platform' breadcrumbs and needs human annotation for badges 1-3.","Create two or three dummy sub-items under one of the existing folders. Open that folder's details screen, select the Sub-items tab, tick two rows so the bulk-action toolbar activates. Crop from the breadcrumb and title down through both selected rows so the tab bar, the bulk-action toolbar and the top-right Move button are visible; exclude the left menu. Annotation: badge 1 on the Sub-items tab, 2 on the row checkboxes, 3 on the Move button - needs human annotation.",
P2,image,content_management/content_organization/copy_move_hide_content.md,31,img/multi_file_move_location.png,Multi-file move,26,removed,"Line 28 already names the modal and links to the content browser documentation that explains it, so this generic 'Select destination' capture only illustrates what the sentence states.",,
P2,image,content_management/content_organization/copy_move_hide_content.md,44,img/empty_trash_warning.png,Warning before emptying the trash,26,removed,"The image is the 'send this Content item to Trash' confirmation dialog, not the emptying-the-trash warning its alt text claims, and it is dropped into the middle of a paragraph about restoring items from Trash, which reads perfectly well without it.",,
P2,image,content_management/content_organization/copy_move_hide_content.md,66,img/multi_file_delete.png,Multi-file delete,26,removed,Line 63 is 'Confirm your choice in the pop-up window with the Send to trash button' and the image is exactly that two-button dialog and nothing else.,,
P2,image,content_management/content_organization/copy_move_hide_content.md,72,img/hide_content_icon.png,Hide content icon,26,done,"Line 70 says to click 'Hide in the menu' without revealing that Hide lives behind the three dots icon in the action bar, so the shot supplies a non-obvious location; it needs human annotation for the highlight box around Hide (Snagit unavailable).","Content > Content structure > select a content item, click the three dots icon at the right of the action bar and leave the context menu open. Crop to the action bar (Preview, Edit, Move, Copy, three dots) plus the open menu showing Copy Subtree / Hide / Send to trash; exclude the title and tab bar. Annotation: a #FF4713 rectangle around the Hide entry - needs human annotation.",
P2,image,content_management/content_organization/copy_move_hide_content.md,76,img/schedule_hiding.png,Schedule hiding panel,26,done,"Line 74 mentions only that you 'can choose to Hide later and select and date and time'; the shot shows the Hide now / Hide later radio pair and the inline date-and-time picker that appears, a state and layout the sentence does not convey, and it needs human annotation for badges 1-3.","Content > Content structure > select a content item > three dots > Hide. In the 'Schedule hiding' panel select 'Hide later' and open the date picker so the calendar and the hour/minute row are visible. Crop to the whole Schedule hiding panel from its heading to the Confirm button, keeping the content item screen visible behind it. Annotation: badge 1 on 'Hide later', 2 on the picked date in the calendar, 3 on Confirm - needs human annotation.",
P2,arcade,content_management/content_organization/copy_move_hide_content.md,96,NQXMhcHiPL1dVRT9Eg3u,"Copy, move or hide content",26,removed,All 29 Arcade embeds are being removed; the embed sits after the 'Visibility and permissions' caution box with no sentence introducing it.,,
P2,image,content_management/content_organization/classify_content.md,18,img/sections.png,List of Sections,27,done,"Line 15 says to navigate to 'Content -> Sections' and line 16 that the product 'comes with a few sections' - the shot shows both the non-obvious rail-icon path to that Settings sub-menu and the built-in sections with their identifiers, assigned-content counts and the 'You cannot delete the disabled sections' note relied on by line 21; the current capture is dominated by the old ibexa wordmark. RETAKE NOTE: cropped to end above the un-rebranded ""Ibexa Engage"" menu entry, which is why the shot stops after six section rows. Focus mode had to be switched off for Content > Settings > Sections to appear in the menu.","Click the Content icon in the left rail, then Sections under Settings. Crop from the top bar down the full height of the list so the rail icon, the highlighted Sections menu entry and the first six or seven rows (Name, Identifier, ID, Assigned content) are visible; exclude the browser chrome. Annotation: #FF4713 rectangles around the Content rail icon and the Sections menu entry.",
P2,arcade,content_management/content_organization/classify_content.md,29,QU3fe8uecEBv4NDbPCoc,Create new section,27,removed,All 29 Arcade embeds are being removed; the embed follows the permissions cross-reference on line 27 and has no introducing sentence.,,
P2,image,content_management/content_organization/classify_content.md,36,img/object_state_details.png,Object state details,27,done,Line 34 says only to 'make necessary changes in the Object state details section'; the shot shows how that section actually works - a Group name / Current Object state / Change Object state row with the state drop-down expanded - which the sentence does not convey.,"Disable Focus mode, open a content item and select the Technical details tab, scroll to 'Object state details' and open the 'Change Object state' drop-down for the Lock group so both options and the check mark are visible. Crop to the Object state details block plus the drop-down (the top of the 'Sub-item sorting order' block may remain for context); exclude the rest of the tab.",
P2,image,content_management/content_organization/classify_content.md,42,img/bookmark_icon.png,Bookmark icon,27,removed,Line 40 already states the location exactly - 'clicking the star icon next to the content name' - so the shot only illustrates what the sentence says.,,
P2,image,content_management/content_organization/classify_content.md,47,img/bookmarks.png,Bookmark screen,27,done,"Line 45 says to 'Click Bookmarks in the left menu', but there is no labelled Bookmarks entry: it is an unlabeled star icon near the bottom of the left icon rail, so the shot supplies a location that contradicts the reader's expectation; the current capture also shows the old ibexa wordmark and Ibexa-named content. RETAKE NOTE: the screen is labelled ""Favourites"" on this version, not ""Bookmarks"" - the prose on classify_content.md L43 still says ""Click Bookmarks in the left menu"" and needs updating. The left menu is collapsed to the icon rail so the un-rebranded ""Ibexa Engage"" entry stays out of frame.","Bookmark three of the existing content items (star icon next to the title), then click the star icon near the bottom of the left icon rail. Crop from the top bar down past the list so the star rail icon, the 'Bookmarks' heading and the three rows (Name, Content type, Path) are visible; exclude the browser chrome. Annotation: a #FF4713 rectangle around the star icon in the rail.",
P2,arcade,content_management/content_organization/classify_content.md,49,YntAJoNhClxKurgeOXEt,Manage bookmarks,27,removed,All 29 Arcade embeds are being removed; the embed directly follows the Bookmarks screenshot with no sentence introducing it.,,
P2,image,content_management/content_organization/classify_content.md,59,img/admin_panel_segment_groups.png,Segment groups,27,blocked,"Blocked on rebrand: the shot needs the top bar, the Administration menu with Segments highlighted and the Segment Groups table in one frame, and the un-rebranded 'Ibexa Engage' entry sits between them in the left menu on both instances.","Click the gear (Admin) icon at the bottom of the left rail, then Segments. Crop from the top bar down the full height of the Admin menu so the gear icon, the highlighted Segments entry and the Segment Groups List (2) table (Name, Identifier, Segments under this group) are visible; exclude the browser chrome. Annotation: #FF4713 rectangles around the gear icon and the Segments menu entry.",
P2,arcade,content_management/content_organization/classify_content.md,61,uts6qBWYu0PgNqAjODY0,Work with segments,27,removed,All 29 Arcade embeds are being removed; the embed directly follows the Segment groups screenshot with no sentence introducing it.,,
P2,image,content_management/content_organization/manage_locations_urls.md,25,img/content_with_two_locations.png,Content with two locations,28,done,"This single shot carries three sections at once - the two Content locations rows with the Main radio button (lines 13-20), the Visibility switcher used by 'Hide locations' (line 32) and the 'Swap Locations' block (line 45) - none of which the prose locates; the current capture is full of 'Ibexa Digital Experience Platform' / 'Ibexa Platform' paths.","Pick one of the existing content items, open its Locations tab, click + Add and give it a second location under another folder. Disable Focus mode and capture the Locations tab. Crop from the breadcrumb and title down to the bottom of the Swap Locations block so both location rows with their Path, Main radio, Visibility switcher and Sub-items count are visible; exclude the left menu. Annotation: a #FF4713 rectangle around the Locations tab.",
P2,arcade,content_management/content_organization/manage_locations_urls.md,27,RDr8CRVwZXFu1usGhpJJ,Manage content locations,28,removed,All 29 Arcade embeds are being removed; the embed directly follows the Content locations screenshot with no sentence introducing it.,,
P2,image,content_management/content_organization/manage_locations_urls.md,73,img/Link_manager_sm.png,Link manager tab,28,done,"Line 63 says URL management lives in the 'Admin tab, the URL management node' - reached through the unlabeled gear rail icon - and lines 83-84 discuss the Status and Last checked columns, so the shot supplies both the navigation path and the list structure; the current capture shows the old ibexa wordmark. RETAKE NOTE: left menu collapsed to the icon rail so the un-rebranded ""Ibexa Engage"" entry stays out of frame; that also means the highlighted ""URL management"" menu entry is not visible, only the highlighted Admin rail icon. Four neutral example.com/.org/.net links were seeded.","Add a few external links (in a URL field or inside Rich Text) to the existing content items and publish, so the list is populated. Click the gear (Admin) icon at the bottom of the left rail, then URL management, and stay on the Link manager tab. Crop from the top bar down through four or five link rows so the gear icon, the highlighted URL management entry, the Link manager / URL wildcards tabs, the search and Status filter and the Address / Status / Last checked / Modified columns are visible. Annotation: #FF4713 rectangles around the gear icon and the URL management entry.",
P2,image,content_management/content_organization/manage_locations_urls.md,78,img/link_manager_detail.png,Detail of a link in Link manager,28,done,"Lines 76 and 80 say the reader can see a link's details plus the content items using it and can 'change any link', but the only way to edit is an unlabeled pencil next to the Address, which the shot locates; the current capture is a live 'https://www.ibexa.co/' link and must be reshot with a neutral URL.","Admin > URL management > Link manager > click a link whose URL points at a non-Ibexa external site and which is used by at least two content items. Crop from the breadcrumb and the URL heading down far enough to include the whole Details block (Address with its edit pencil, Status, Last checked, Created, Modified) and the first rows of 'Content item(s) using this URL'; exclude the left menu.",
P2,arcade,content_management/content_organization/manage_locations_urls.md,92,YSkaNNICXH0ipckN2Nxx,Manage URLs,28,removed,All 29 Arcade embeds are being removed; the embed follows the note about editing links and has no sentence introducing it.,,
P2,image,content_management/content_organization/manage_locations_urls.md,100,img/add_new_url.png,Add new URL alias,28,removed,"Line 98 already gives the exact path ('go to the URL tab, and click + Add in the Custom URL aliases for... area') and the capture's own content is an empty-state illustration ('This item has no custom URL aliases'), which the guidelines forbid anyway.",,
P2,image,content_management/content_organization/manage_locations_urls.md,104,img/create_new_url_alias.png,Creating a new URL alias,28,removed,"Lines 106-112 enumerate and explain every option in this modal (Language, Redirect to alias destination, Place at the website root, SiteAccess), so the empty form only illustrates what the text already states.",,
P3,image,ai_actions/work_with_ai_actions.md,21,img/ai_actions_list.png,AI actions in Admin Panel,30,done,"Passes necessity because the prose only says ""navigating to the Admin Panel and selecting AI actions"" without showing where that entry sits in the icon rail, and the shot also frames the status/type filter bar described in the next paragraph; staging has 8 configured AI actions so the page is shootable today, and the current file carries the old Ibexa wordmark.","Log in as admin; click the gear (Admin Panel) icon at the bottom of the left icon rail, then click AI actions in the flyout menu. Capture the full content area from the left icon rail to the right edge of the window, including the breadcrumb, the Create button, the Search/Action type/Status filter row and at least six rows of the ""List (8)"" table (Name, Identifier, Action type, Modification date, Status columns). Exclude the browser chrome. Needs human annotation: a #FF4713 rectangle around the gear icon in the icon rail and a second one around the ""AI actions"" menu entry - cannot be done in Snagit, so hand off to a designer or draw the two boxes manually.",
P3,image,ai_actions/work_with_ai_actions.md,42,img/ai_action_details.png,AI action details,30,done,"Passes necessity because the prose says only ""in the Properties tab, you can see specific settings that modify the prompt"" and the image is what shows that the Settings block sits below Global properties on the read-only details screen; an enabled Refine text action exists on staging so it is shootable.","Admin Panel > AI actions > click the name ""Rewrite in friendly tone"" (or any enabled action) to open its details screen. Crop to the detail card only: breadcrumb, action title with its Refine text subtitle, the Edit/Delete buttons, the Properties/Translations tabs, the Global properties table and the whole Settings block (model, prompt, max_tokens, temperature). Exclude the left menu and the browser chrome. Needs human annotation: a #FF4713 rectangle around the Settings block.",
P3,image,ai_actions/work_with_ai_actions.md,73,img/ai_action_options.png,AI action options,30,done,"Passes necessity because the note at L58-60 (""The default request can be seen at the top of the settings area, on a light blue background"") only makes sense next to a picture of that light blue bar, and the shot shows the Prompt/Model/Max tokens/Temperature fields the bullet list above describes; shootable because AI actions can be opened for editing on staging.","Admin Panel > AI actions > click the Edit (pencil) icon on the ""Rewrite in friendly tone"" row. Scroll to the Settings area and crop to that panel only: the ""Settings"" heading, the light-blue default-request bar (""Refine given text""), and the Prompt, Model, Max tokens and Temperature fields with values filled in. Exclude Global properties, the Save and close / Discard bar and the left menu. Do not save the draft - discard it afterwards.",
P3,arcade,ai_actions/work_with_ai_actions.md,108,4amA1EL6g3fFxSmQoFCp,Work with AI actions,30,removed,"All 29 Arcade embeds are being removed; this one sits directly after the numbered step list with no sentence introducing it, so nothing needs deleting alongside it.",,
P3,image,ai_actions/work_with_ai_actions.md,133,img/taxonomy_source_fields.png,Selecting source fields,30,done,"Passes necessity because step 7 lists four abstract sub-steps (group, types, source fields, target fields) and only the image shows that they are four stacked multi-select fields inside one Fields box; AI actions are configurable on staging, so this is shootable as long as the ""Suggest taxonomy"" action type and the taxonomy-text-to-taxonomy handler appear in the Create pane - if they do not, this row becomes blocked pending the taxonomy suggestions feature being enabled.","Admin Panel > AI actions > Create; set Language, Action type = Suggest taxonomy, Action handler = taxonomy-text-to-taxonomy, click Create. In the Settings area pick a content type group, one content type, two source fields and one target field so no field is empty. Crop to the Settings panel only: the light-blue ""Suggest taxonomy."" bar plus the Fields box with Content type groups, Content types, Source fields and Target fields all populated. Exclude Global properties and the left menu; discard the draft afterwards.",
P3,image,product_catalog/product_catalog.md,15,img/catalog_menu.png,Product catalog in the menu,31,done,"Passes necessity because the prose says only ""Product catalog's features are available from the left-hand menu"" and never enumerates the entries, so the image is what conveys the whole menu group; it needs no product data - the menu renders even though every product page is empty - and the current file shows the old Ibexa logo.","Log in as admin and click the Product catalog icon (the boxes glyph) in the left icon rail so the flyout menu opens. Crop to the icon rail plus the flyout menu column only, from the logo at the top down past Currencies, so Products, Catalogs, Categories and the Settings group (Attribute Groups, Attributes, Product Types, Customer Groups, Currencies) are all legible. Exclude the main content area. Needs human annotation: a #FF4713 rectangle around the Product catalog icon in the rail and around the highlighted menu entry.",
P3,image,product_catalog/product_types.md,30,img/vat_rates_product_details.png,VAT rates in product type's details view,33,done,"Passes necessity because L28 promises you can review fields, attributes and VAT rates ""without having to open it for editing"" and only the image shows that read-only details layout, but staging has NO product types at all and no shop regions with VAT rates, so it needs >=1 product type saved with VAT rates plus >=3 regions configured before it can be shot. RETAKE NOTE: Shot on the local non-SaaS 6.0 instance (localhost:8000) after adding product catalog regions (default, france, germany, united_kingdom) in configuration and a 'Laptop' product type. The details view does not fit tabs, Details and the VAT table in one frame at 1600x1000, so the crop covers the VAT Rates block only - the same scope as the image it replaces.","Once regions and VAT rates are configured and a product type (for example ""Laptop"") exists: Product catalog > Product Types > click the product type name to open its details screen. Crop to the details card: the tabs, the Details block and the full VAT Rates table showing several named regions each with a non-empty VAT rate drop-down. Exclude the left menu and browser chrome.",
P3,image,product_catalog/create_product_types.md,16,create_new_product_type.png,Create new product type,34,removed,"Fails the necessity test: step 1 already spells out the exact path (""In the left panel, go to Product catalog -> Product Types and click Create""), so the shot only pictures a list the reader does not need, and its three numbered badges cannot be reproduced without Snagit.",,
P3,image,product_catalog/create_product_types.md,20,virtual_product_type.png,Selecting a type of product type,34,done,Passes necessity because the drop-down itself is the subject of step 2 and the image is what shows both options (Physical and Virtual) expanded; shootable today since the Create product type pane opens on an empty installation and needs no product data.,"Product catalog > Product Types > Create. In the ""Create product type"" slide-out, click the Type drop-down so both options are visible. Crop to the slide-out pane only: the ""Create product type"" heading, the Type field and the expanded list with Physical and Virtual. Exclude the left menu and the page behind. Discard the pane afterwards.",
P3,image,product_catalog/create_product_types.md,24,create_product_type.png,Defining product type settings,34,done,"Passes necessity because steps 4-6 refer to the Field types, Field definitions, Attributes and VAT rates areas and only this image shows the four-section left nav of the product type editor that those steps move through; shootable today because a draft product type can be opened on an empty installation.","Product catalog > Product Types > Create > choose Physical > Add. In the editor, type a realistic name such as ""Laptop ultrabook"" in Name and leave Identifier/Description visible. Crop to the modal: the editor side nav (Global properties, Field definitions, Attributes, VAT Rates), the ""Editing Physical Product type"" header with Save and close / Discard, and the Global properties fields. Exclude the back-office chrome behind the modal. Discard the draft afterwards.",
P3,image,product_catalog/create_product_types.md,39,img/adding_attributes.png,Adding attributes to a product type,34,done,"Passes necessity because step 5 says to drag attributes ""from the Library area to the Attributes section"" and only the image shows that two-panel spatial relationship, but staging has no product types and an empty attribute library, so it needs >=2 attribute groups (for example ""Hardware"", ""Mouse attributes"") each holding several attributes of mixed types seeded first. RETAKE NOTE: Shot on the local non-SaaS 6.0 instance (localhost:8000) after seeding three attribute groups and nine attributes by migration; two groups dragged into the product type's Attributes section.","After seeding attribute groups and attributes: Product catalog > Product Types > Create (or Edit an existing type) > open the Attributes step. Drag one attribute group from the Library panel into the Attributes section so at least two groups with several rows are listed. Crop to the Attributes section and the Library panel side by side, showing the Name/Type/Required field/Used for product variants columns and the draggable attribute cards in the Library. Exclude the editor header and the left menu.",
P3,image,product_catalog/create_product_types.md,50,vat_rates_product_type.png,Assigning VAT rates,34,done,"Passes necessity because step 6 and the tip below it refer to a VAT rates area with a search field and per-region rates that the prose never lays out, but staging has no shop regions or VAT rates configured, so it needs >=3 regions with VAT rates set up by a developer before the table can show anything. RETAKE NOTE: Shot on the local non-SaaS 6.0 instance (localhost:8000). Highlight around the search field drawn with ImageMagick rather than Snagit.","After regions and VAT rates are configured: Product catalog > Product Types > Create or Edit a product type > VAT Rates step. Crop to the VAT Rates panel only: the heading, the hint line, the search field and the Region/VAT Rate table with at least three named regions showing selected rates such as standard (19.00%). Exclude the rest of the editor. Needs human annotation: a #FF4713 rectangle around the search field.",
P3,image,product_catalog/work_with_product_attributes.md,48,img/create_new_attribute.png,Create new attribute,35,removed,"Fails the necessity test: step 1 already gives the exact path (""In the left panel, click Product catalog -> Attributes and click Create""), so the full-page list shot adds nothing, and its three numbered badges cannot be reproduced without Snagit.",,
P3,image,product_catalog/work_with_product_attributes.md,52,img/attribute_types.png,Attribute types,35,removed,"Fails the necessity test: the bullet list at L13-23 already enumerates every attribute type with a description, so a picture of the same list in a drop-down only repeats the prose.",,
P3,image,product_catalog/work_with_product_attributes.md,70,img/measurement_types.png,Measurement types,35,done,"Passes necessity because step 6 says only ""select either of the measurement types and a base unit"" without naming the measurement types, so the expanded drop-down is the subject and carries information the prose omits; shootable today because creating one attribute group and one Measurement attribute needs no products or product types. RETAKE NOTE: the Measurement Type list scrolls inside a fixed-height panel, so only the first five shipped types (Length, Area, Mass, Pressure, Speed) fit in the open drop-down. An attribute group ""Hardware"" was created; the attribute itself was not saved.","Product catalog > Attribute Groups > Create one group (for example ""Hardware""). Then Product catalog > Attributes > Create > choose ""Measurement (single)"" > Add. Fill Name and Identifier, select the group, then open the Measurement type drop-down so all shipped measurement types are visible. Crop to the attribute form region containing the Measurement type drop-down fully expanded plus the base unit field; show all options of the drop-down and do not cut the list. Exclude the left menu. Discard afterwards if the attribute is not wanted.",
P3,image,product_catalog/manage_currencies.md,12,img/manage_currencies.png,Manage currencies,36,removed,"Fails the necessity test: L10 already states the path (""in the left panel, go to Product catalog -> Currencies"") and L14 already states that the system contains a list of currencies, so this is a decorative ""here is the list"" shot.",,
P3,image,product_catalog/manage_currencies.md,17,img/enable_currency.png,Enabling a currency,36,done,"Passes necessity because L15 says only ""edit and enable them"" and the image is what shows that enabling happens through an Enable currency toggle inside the editing screen rather than from the list; shootable today since currencies are independent of products and a currency can be created in-form if the list is empty. RETAKE NOTE: the Enable currency toggle was switched on for the shot only - the EUR currency was not saved.","Product catalog > Currencies > click the Edit (pencil) icon on the EUR row (if the list is empty, click Create and enter code EUR with 2 fractional places first). Crop to the editing panel: the ""Editing currency"" header with the currency code, the Save and close / Discard buttons, the Code and Number of fractional places fields, and the Enable currency toggle switched On. Exclude the left menu. Needs human annotation: a #FF4713 rectangle around the Enable currency toggle.",
P3,image,product_catalog/products.md,39,img/product_completeness_bar.png,Quick view of product completeness,37,done,"Passes necessity because L37 says the progress bar sits ""under the product name"" - a location and a visual state (a part-filled gradient bar with a percentage) that words do not convey - but staging has ZERO products and no product types, so it needs >=1 product type plus 1 deliberately incomplete product (some fields, no prices) seeded first. RETAKE NOTE: Shot on the local non-SaaS 6.0 instance (localhost:8000) on the seeded 'Ultrabook Pro 14' product. Highlight drawn with ImageMagick rather than Snagit.","After seeding a product type and a partly filled product: Product catalog > Products > click the product name to open its view. Crop to the top of the product view: breadcrumb, product name with its product code pill, and the completeness progress bar with its ""NN% complete"" label, down to and including the Details/Attributes/Assets/Variants/Prices/URL/Translations/Completeness tab strip. Exclude the left menu. Needs human annotation: a #FF4713 rectangle around the progress bar.",
P3,image,product_catalog/products.md,52,img/product_completeness.png,Product completeness screen,37,done,"Passes necessity because L54 tells the reader to click an Edit button ""next to an unfinished task in the Completeness table"", which is a layout the bullet list above does not convey, but staging has ZERO products so it needs >=1 product type and 1 product with a mix of completed and missing tasks (content, attributes, assets, variants, availability, prices, translations). RETAKE NOTE: Shot on the local non-SaaS 6.0 instance (localhost:8000); Content group is 3/4 complete so both a finished and an unfinished task are visible.","After seeding a partly complete product: Product catalog > Products > open the product > Completeness tab. Crop to the Completeness table so the task rows, their done/missing state and the per-row Edit buttons are all legible, with at least one finished and one unfinished task visible. Exclude the left menu and the browser chrome.",
P3,image,product_catalog/create_edit_product.md,30,img/edit_product.png,Products list with action buttons,38,done,"Passes necessity because step 3 refers to both the ""Category filter"" tree and the Edit button ""next to a name of the product item"" and only the image shows that these sit side by side in the product list, but staging has ZERO products, ZERO product types and only the root taxonomy entry, so it needs 1 product type, >=3 products and a small product category tree seeded. RETAKE NOTE: Shot on the local non-SaaS 6.0 instance (localhost:8000) with three seeded products and a seeded category tree.","After seeding: Product catalog > Products. Crop to the Products page content area: the Category filter tree on the left of the list, the search/filter row, and at least three product rows with their per-row Edit (pencil) buttons visible at the right, plus the Create button in the top right. Exclude the left menu and browser chrome.",
P3,image,product_catalog/create_edit_product.md,34,img/create_new_product.png,Creating a new product,38,done,"Passes necessity because step 4 says to ""select the language and the product type"" and the image shows that this happens in a small two-field pane with an Add button rather than on the product form, but the product type list would be empty on staging, so it needs >=1 product type seeded. RETAKE NOTE: Shot on the local non-SaaS 6.0 instance (localhost:8000). The button in this version is labelled Create, not Add.","After seeding a product type: Product catalog > Products > Create. Crop to the ""Create product"" pane only, with the Language drop-down set to a real language and the Product type drop-down showing a real product type name, plus the Add button. Keep the Products list faintly visible behind the pane so the parent screen is identifiable. Discard afterwards.",
P3,image,product_catalog/create_edit_product.md,39,img/create_product.png,Editing product information,38,done,"Passes necessity because step 5 mentions that ""fields marked with an asterisk (*) are required"", a visual convention only the image shows, but staging has no product types so there is no product form to open; it needs 1 product type with name, specification and description fields plus attributes. RETAKE NOTE: Shot on the local non-SaaS 6.0 instance (localhost:8000). The Attributes section is a separate anchor section and does not fit under the content fields at 1600x1000, so the crop covers the filled content fields.","After seeding a product type: Product catalog > Products > Create > pick language and product type > Add. Fill the content fields with realistic dummy data (for example name ""Laptop ultrabook"", a short specification and description). Crop to the product editing form showing the filled content fields with the asterisks on required labels and the top of the Attributes section. Exclude the left menu; discard the draft afterwards.",
P3,image,product_catalog/create_virtual_product.md,25,virtual_product_type.png,Creating virtual product type,39,removed,"Fails the necessity test: it is the identical file already used for the same step in create_product_types.md (L20), and step 2 here already says to choose ""Virtual"" from the drop-down, so the duplicate adds nothing.",,
P3,image,product_catalog/create_virtual_product.md,41,virtual_product.png,Creating virtual product,39,removed,"Fails the necessity test: L37-39 already state that virtual products are created exactly like physical ones and that you pick the virtual product type, so a one-row product list is a decorative ""here is what it looks like"" shot.",,
P3,image,product_catalog/create_virtual_product.md,48,virtual_product_purchase.png,Virtual product purchasing,39,removed,"Fails the necessity test: L45-46 already state that a virtual product needs only a billing address and a payment method, and the shot is a demo storefront checkout rather than back-office UI (no storefront is reachable on staging either).",,
P3,image,product_catalog/work_with_product_assets.md,12,img/product_assets.png,Adding assets to a product,40,done,"Passes necessity because L10 describes three alternative ways to add an asset (browse, drag and drop, pick from the image library) and only the image shows that they share one Assets drop zone, but staging has ZERO products and ZERO images in Media/Images, so it needs 1 product type, 1 product and several images uploaded to the image library. RETAKE NOTE: Shot on the local non-SaaS 6.0 instance (localhost:8000) with four generated product images uploaded to the product's Assets tab.",After seeding a product and image library content: Product catalog > Products > open a product > Assets tab. Crop to the Assets tab panel showing the drop zone / browse control and at least three already-attached image thumbnails so the shot is not empty. Exclude the left menu and browser chrome.,
P3,image,product_catalog/work_with_product_assets.md,20,img/product_assets_collections.png,Product asset collection,40,done,"Passes necessity because L14-18 explain that a collection ""corresponds to specific values of attributes"" and the image is what shows a collection header naming those attribute values above its thumbnails, but staging has ZERO products and no images, so it needs 1 product type with variant-enabled attributes, 1 product with >=2 variants, and several uploaded images grouped into collections. RETAKE NOTE: Shot on the local non-SaaS 6.0 instance (localhost:8000); two asset collections mapped to Memory/Colour variant attribute values.","After seeding: Product catalog > Products > open a product that has variants > Assets tab. Crop to one asset collection: its header showing the attribute values it maps to and the row of image thumbnails inside it, with the start of a second collection visible for context. Exclude the left menu.",
P3,image,product_catalog/work_with_product_assets.md,24,img/collection_dnd.png,Moving assets between collection with drag and drop,40,done,"Passes necessity because L22 says only ""you can move assets between collections using drag and drop"" and a mid-gesture shot is the only way to show the drag affordance and drop target, but staging has ZERO products and ZERO images so it needs a product with >=2 asset collections and several images before the gesture can be staged. RETAKE NOTE: Shot on the local non-SaaS 6.0 instance (localhost:8000); captured mid-drag with Playwright, so the drag ghost and the emptied source slot are both real UI state. No arrow annotation was added.","After seeding: Product catalog > Products > open a product with variants > Assets tab. Start dragging one image thumbnail from one collection towards another and capture while the drag ghost and the highlighted drop target are both on screen. Crop to the two collections involved. Needs human annotation to mark the source and target (an arrow or cursor), which cannot be reproduced without Snagit.",
P3,image,product_catalog/work_with_product_variants.md,12,img/product_type_attr_used_for_variants.png,Product type definition with attributes used for variants,41,done,"Passes necessity because L10 tells the reader to ""mark the attribute as Used for product variants"" and only the image shows that this is a per-row toggle in the product type's Attributes table next to Required field, but staging has no product types and an empty attribute library, so it needs 1 product type with >=2 variant-enabled attributes seeded. RETAKE NOTE: Shot on the local non-SaaS 6.0 instance (localhost:8000); Memory and Colour have 'Used for product variants' on. Note: the toggle label text only updates after a page reload - in the editor before saving it reads 'Off' next to a green toggle.","After seeding: Product catalog > Product Types > Edit a product type > Attributes step. Switch the ""Used for product variants"" toggle On for at least two attributes. Crop to the Attributes table rows showing the Name, Type, Required field and Used for product variants columns with the variant toggles visibly On. Exclude the Library panel and the left menu.",
P3,image,product_catalog/work_with_product_variants.md,27,img/product_variants_generate.png,Generating product variants,41,done,"Passes necessity because step 1-3 describe a Generate variants dialog in which ""for each attribute listed, select the values"", a per-attribute value picker the prose does not lay out, but staging has ZERO products so it needs 1 product type with >=2 variant-enabled attributes and 1 product of that type. RETAKE NOTE: Shot on the local non-SaaS 6.0 instance (localhost:8000); Memory expanded with two values ticked and Colour showing two selected chips.","After seeding: Product catalog > Products > open the product > Variants tab > click Generate variants. Crop to the Generate variants dialog with each variant attribute expanded and several values ticked, keeping the Variants tab visible behind it so the parent screen is identifiable. Exclude the left menu.",
P3,image,product_catalog/work_with_product_variants.md,40,img/product_variants_delete.png,Product variant list with option to delete a variant,41,done,"Passes necessity because L37-38 say to ""select one or more variants in the list and click the Delete button"" and only the image shows that the Delete control appears above the list once rows are ticked, but staging has ZERO products so it needs 1 product with >=3 generated variants. RETAKE NOTE: Shot on the local non-SaaS 6.0 instance (localhost:8000); two of four generated variants ticked so Delete is active.","After seeding: Product catalog > Products > open the product > Variants tab. Tick the checkboxes of two variants so the Delete control becomes active. Crop to the variant list including the row checkboxes, the active Delete button above the list, and at least three variant rows with their attribute values. Exclude the left menu.",
P3,image,product_catalog/manage_prices.md,21,img/product_price.png,Prices tab,42,done,"Passes necessity because L16-19 describe a currency drop-down and an Edit button inside the Prices tab, a layout the prose does not locate, but staging has ZERO products so it needs 1 product type, 1 product and >=1 enabled currency with a base price set. RETAKE NOTE: Shot on the local non-SaaS 6.0 instance (localhost:8000) after enabling the EUR currency and creating a 'Retail partners' customer group.","After seeding: Product catalog > Products > open the product > Prices tab. Crop to the Prices tab panel showing the currency drop-down with a selected currency, the existing base price and the Edit button. Exclude the left menu and browser chrome.",
P3,image,product_catalog/manage_prices.md,30,img/setting_product_price.png,Setting product prices,42,done,"Passes necessity because L23-28 describe the interplay of base price, Global Price rule, Custom price rule and the resulting Custom price field, which only a picture of the form makes readable, but staging has ZERO products and NO customer groups, so it needs 1 product, >=1 enabled currency and >=2 customer groups with a global price rule. RETAKE NOTE: Shot on the local non-SaaS 6.0 instance (localhost:8000); base price 1299 EUR with a -15% custom price rule for the Retail partners group.","After seeding: Product catalog > Products > open the product > Prices tab > Edit. Crop to the price editing form showing the base price, a customer group section with its Global Price rule, the Custom price rule input filled in, and the computed Custom price field. Exclude the left menu.",
P3,image,product_catalog/manage_availability_and_stock.md,19,img/product_availability_tab.png,Product availability,43,done,"Passes necessity because L17 says only to ""go to Availability tab"" while L21 refers to a Create button for a product that has no availability yet, a state the image is needed to show, but staging has ZERO products so it needs 1 product type and 1 product. RETAKE NOTE: Shot on the local non-SaaS 6.0 instance (localhost:8000) on a product variant - the Availability tab only appears on variants and on products without variants.","After seeding: Product catalog > Products > open the product > Availability tab. Crop to the Availability tab panel showing the tab strip, the current availability/stock values and the Create or Edit button. Exclude the left menu and browser chrome.",
P3,image,product_catalog/manage_availability_and_stock.md,29,img/product_availability.png,Setting product availability and stock,43,done,"Passes necessity because L23-27 describe an Available switcher plus a stock number and an Infinite option and the image is what shows they live in one small form, but staging has ZERO products so it needs 1 product (or product variant) to open the availability form against. RETAKE NOTE: Shot on the local non-SaaS 6.0 instance (localhost:8000); Available on, stock 120, Infinite unticked.","After seeding: Product catalog > Products > open the product > Availability tab > Create (or Edit). Crop to the availability form only: the Available switcher turned on, the stock quantity field with a realistic number, and the Infinite option. Keep the Availability tab visible behind the form. Exclude the left menu.",
P3,image,product_catalog/work_with_catalogs.md,15,img/catalog.png,Catalog menu with a sample catalog,44,removed,"Fails the necessity test: the only surrounding prose is the conceptual definition ""Catalogs are collections of products selected using configurable filters"", and a catalog details page with name/identifier/creator metadata illustrates nothing that sentence needs.",,
P3,image,product_catalog/work_with_catalogs.md,26,img/catalog_create.png,Creating a new catalog,44,done,"Passes necessity because steps 2-3 mention entering a name and identifier and selecting filters without showing that all three plus the live product preview sit on one create screen, but staging has ZERO catalogs, ZERO products and no product types, so it needs 1 product type, >=3 products and a catalog draft. RETAKE NOTE: Shot on the local non-SaaS 6.0 instance (localhost:8000). The Products preview list sits below the fold at 1600x1000, so the crop ends at the Products section heading.","After seeding: Product catalog > Catalogs > Create. Enter a realistic name such as ""Laptop promo"" and identifier, add one filter, and let the Products preview populate. Crop to the catalog create screen: the Name and Identifier fields, the Filters block with at least one filter chip, and the top of the Products preview list. Exclude the left menu.",
P3,image,product_catalog/work_with_catalogs.md,47,img/catalogs_filters.png,Adding filters to catalog,44,done,"Passes necessity because the bullet list only names the filter kinds while the image shows that applied filters appear as chips and that further ones are picked from an ""Add filter"" menu, but staging has ZERO catalogs and no product attributes, so it needs a catalog draft plus product attributes for the attribute-based filters to appear. RETAKE NOTE: Shot on the local non-SaaS 6.0 instance (localhost:8000); the Add filter drop-down is fully visible, including the Packaging, Appearance and Technical specification attribute groups.","After seeding: Product catalog > Catalogs > Create or Edit a catalog > Filters block > click Add filter. Crop to the Filters block with the applied filter chips (Category, Type, Price) and the Add filter drop-down fully expanded so ALL of its options are visible - the current image cuts the list off after ""Code"", which a retake must not repeat. Exclude the rest of the screen.",
P3,image,product_catalog/work_with_catalogs.md,55,img/catalogs_product_list.png,List of products in a catalog,44,removed,"Fails the necessity test: L53 already states everything the image shows (""You can view all products in a catalog in its Products tab""), and the Products tab of a catalog is not a non-obvious location.",,
P3,image,product_catalog/work_with_product_categories.md,10,img/product_categories.png,Product category tree,45,done,"Passes necessity because L7-8 say the Categories screen ""is where you manually create a hierarchy of categories and manage category entries"" without conveying its tree-plus-detail two-pane layout, but staging's taxonomy has only the root entry, so it needs a product category taxonomy with a parent and several child entries seeded. RETAKE NOTE: Shot on the local non-SaaS 6.0 instance (localhost:8000) after seeding Computers (Laptops, Desktops, Tablets) and Accessories.",After seeding categories: Product catalog > Categories. Crop to the Categories screen content area showing the category tree with at least one expanded parent and several children on the left and the selected category's detail pane on the right. Exclude the left icon rail and the browser chrome.,
P3,image,product_catalog/work_with_product_categories.md,97,img/product_category_selection.png,Adding product categories,45,done,"Passes necessity because steps 4-6 describe a ""Select product categories"" button opening a pop-up of checkboxes, a nested interaction the prose cannot show, but staging has ZERO products, no product types and only the root taxonomy entry, so it needs a product type carrying a Taxonomy Entry Assignment field, 1 product and several product categories. RETAKE NOTE: Shot on the local non-SaaS 6.0 instance (localhost:8000); category pop-up over the product editing screen with Laptops ticked.","After seeding: Product catalog > Products > Edit a product > Product category area > Select product categories. Crop to the category selection pop-up with several category checkboxes and at least one ticked, keeping the product editing modal visible behind it so the parent window is identifiable. Exclude the left menu.",
P3,image,product_catalog/work_with_product_categories.md,103,img/taxonomy_suggestions_products.png,Product categories suggested by the AI Assistant,45,blocked,"Blocked on configuration: no 'Suggest taxonomy' AI action is configured, and the local non-SaaS 6.0 instance has only a placeholder OPENAI_API_KEY, so the AI Assistant cannot return suggestions. The AI Suggest category control does not render on the product editing screen.","After seeding categories, a product and a taxonomy-suggestion AI action: Product catalog > Products > Edit the product > Product category area > click AI Suggest category and wait for results. Crop to the suggestions panel showing the AI Suggest category control and the returned suggested categories with their selection controls. Exclude the left menu.",
P3,image,product_catalog/work_with_product_categories.md,117,img/product_categories_product_list.png,Related products list,45,done,"Passes necessity because steps 3-4 refer to Assign and Unassign buttons whose position above the product list (not in a toolbar) the prose never states, but staging has ZERO products and only the root taxonomy entry, so it needs a product category with >=3 products assigned to it. RETAKE NOTE: Shot on the local non-SaaS 6.0 instance (localhost:8000); one product row ticked so Unassign is active.","After seeding: Product catalog > Categories > select a category > Products tab. Tick one product row so Unassign becomes active. Crop to the category view showing the tab strip, the Assign and Unassign controls above the list, and at least three assigned product rows with their thumbnails and availability/stock columns. Exclude the left menu.",
P3,image,product_catalog/work_with_product_page_urls.md,16,url_attributes.png,URL attributes,46,removed,"Fails the necessity test: L12 already spells out the pattern syntax ""<attribute:id>-<attribute:id>-(...)"", so an 81px-tall picture of one filled URL alias name pattern field adds nothing that a code fence in the prose would not carry better.",,
P3,image,product_catalog/work_with_product_page_urls.md,20,url_alias_name_pattern.png,URL alias name pattern,46,removed,"Fails the necessity test: L18 already states the result (""Now, you can see new URL alias name pattern in the product type's view""), making this a decorative confirmation shot.",,
P3,image,product_catalog/work_with_product_page_urls.md,62,url_tab.png,URL tab,46,done,"Passes necessity because step 3 says the URL tab holds ""both custom URL aliases and system URL"" and only the image shows that these are two separate sections plus where the Add new button sits, but staging has ZERO products so it needs 1 product type and 1 published product with at least one custom alias. RETAKE NOTE: Shot on the local non-SaaS 6.0 instance (localhost:8000) after adding a custom URL alias to the seeded product.","After seeding: Product catalog > Products > open a product > URL tab. Crop to the URL tab panel showing both the custom URL aliases section (with >=1 alias row) and the system URL section, plus the Add new button. Exclude the left menu and browser chrome.",
P3,image,product_catalog/work_with_product_page_urls.md,68,create_custom_url.png,Creating a custom URL,46,done,"Passes necessity because step 5 says only to ""set up all necessary settings"" without naming them, so the image is the sole record of which fields the dialog contains, but staging has ZERO products so it needs 1 product type and 1 product to open the URL tab against. RETAKE NOTE: Shot on the local non-SaaS 6.0 instance (localhost:8000); Create a new URL alias modal with the URL field filled and every option visible.","After seeding: Product catalog > Products > open a product > URL tab > Add new. Crop to the custom URL creation form only, with the URL field filled with a realistic alias and every accompanying setting (language, redirect/alias options, checkboxes) visible, and the Create button included. Keep the URL tab visible behind it. Exclude the left menu.",
P3,image,product_catalog/work_with_product_page_urls.md,74,custom_url.png,Custom URL,46,removed,"Fails the necessity test: L72 already states the result (""in the URL tab in the product's view, you can see new custom URL for the product""), so this repeats the url_tab.png shot as a confirmation screenshot.",,
P4,image,content_management/publish_instantly.md,15,img/publishing_options.png,Publishing options,47,done,"The prose says only that ""All these options are available in the menu when you're in the edit mode"" without saying where that menu is, so the shot is needed to locate the Publish/Save/Delete draft/Send to review controls.","Content > Content structure > pick any published content item > Edit; with the editor open, crop to the full top action bar on the right-hand side of the editor so all menu entries (Publish, Save, Save and close, Delete draft, Send to review, Publish later) are visible, including the expanded overflow menu; exclude the content fields below; 2px #d4d4d4 border, PNG.",
P4,image,content_management/schedule_publishing.md,21,img/schedule_tab.png,Schedule tab,48,done,"Text says the Scheduler tab exists ""in the configuration of all Page blocks"" but never shows where that tab sits among the other block-configuration tabs, so the location is non-obvious.","Content > Content structure > open a Page content item > Page Builder > add or edit any block (for example Rich Text) > in the block configuration side panel click the Scheduler tab; fill in a reveal date and a hide date with realistic values; crop to the block configuration panel including its tab strip so Scheduler is visibly selected; 2px #d4d4d4 border, PNG.",
P4,image,content_management/schedule_publishing.md,33,img/content_scheduler.png,Content Scheduler,48,done,"The airtime column and the per-item date/time picker of the Content Scheduler block are a layout the prose only alludes to (""For each content item you can choose an airtime""), so the shot shows a spatial relationship words do not convey. RETAKE NOTE: the queue list scrolls inside the panel, so the fourth queued item sits below the fold.","Content > Content structure > open a Page > Page Builder > add the Content Scheduler block > open its configuration; add 3-4 content items and set a future airtime on each so the list is not empty; crop to the Content Scheduler configuration panel showing the item list, airtime pickers and the item limit field; 2px #d4d4d4 border, PNG.",
P4,image,content_management/schedule_publishing.md,39,img/publish_later.png,Publish Later button in the menu,48,removed,"The sentence immediately above it already states exactly this (""select Publish later in the menu on the right""), and the same editor menu is already shown in publish_instantly.md, so the crop adds nothing.",,
P4,image,content_management/schedule_publishing.md,47,img/discard_publish_date.png,Discard publish later button in the menu,48,icon-exempt,"A 171x52 crop of a single isolated menu control (the Discard publish later entry) rendered mid-sentence, i.e. a UI glyph rather than a product screenshot, so rebranding did not change it.",,
P4,arcade,content_management/schedule_publishing.md,49,pXVyhWY2v5qD5Q6oS2W6,Publish in the future,48,removed,All 29 Arcade embeds are being removed; the embed sits between two independent paragraphs with no sentence introducing it.,,
P4,image,content_management/schedule_publishing.md,60,content_organization/img/schedule_hiding.png,Hide content item modal window,48,done,"The prose only says to ""click Hide in the menu"" and never describes the date/time scheduling control inside the resulting modal, which is the whole subject of the Date-based hiding section.","Content > Content structure > select a published content item > click Hide in the right-hand menu; in the Hide modal set a future hide date and time; crop to the modal window but keep the parent content item screen visible behind it; 2px #d4d4d4 border, PNG.",
P4,image,content_management/schedule_publishing.md,72,img/timeline_list.png,List of upcoming events in the timeline,48,done,"Text refers to ""the button on the right of the time"" on the page-mode timeline, a control whose position is impossible to find from words alone.","Content > Content structure > open a Page content item in page mode (Page Builder preview); first schedule at least two blocks with future reveal dates so the timeline has entries; click the list button at the right end of the timeline; crop to the timeline strip plus the opened list of upcoming changes, excluding the page content below; 2px #d4d4d4 border, PNG.",
P4,image,content_management/schedule_publishing.md,82,img/calendar_widget.png,Calendar widget,48,done,"The whole Calendar widget section (views, filters, toolbar) is written against this layout, and the prose only says the widget is reached from the Content Panel Calendar tab without describing the view.","Content Panel > Calendar tab; before shooting, schedule at least 5-6 future publications and 2 Page-block reveal events spread over the current month so the month view is populated; use month view; crop to the whole calendar widget including the view switcher, Today button, arrows and Filters button; 2px #d4d4d4 border, PNG.",
P4,image,content_management/schedule_publishing.md,96,img/calendar_widget_today.png,Today button,48,icon-exempt,"A 71x48 single-button crop rendered inside a table cell of the button-reference table, so it is a UI glyph, not a product screenshot.",,
P4,image,content_management/schedule_publishing.md,97,img/calendar_widget_arrows.png,Arrows,48,icon-exempt,"A 104x48 crop of the two navigation arrows in a table cell of the button-reference table, so it is a UI glyph, not a product screenshot.",,
P4,image,content_management/schedule_publishing.md,98,img/calendar_widget_toggler_mwd.png,Toggle month/week/day,48,icon-exempt,"A 250x48 crop of the month/week/day toggle in a table cell of the button-reference table, so it is an isolated control rather than a product screenshot.",,
P4,image,content_management/schedule_publishing.md,99,img/calendar_widget_toggler_cal_list.png,Toggle calendar/list,48,icon-exempt,"A 132x34 crop of the calendar/list toggle in a table cell of the button-reference table, so it is an isolated control rather than a product screenshot.",,
P4,image,content_management/schedule_publishing.md,108,img/calendar_widget_apply_filters.png,Viewing filters,48,done,"The filters panel is the subject of the Calendar filters section and the prose never enumerates the Types values, so per the guidelines the drop-down must be shown with all its options.","Content Panel > Calendar tab > click Filters; crop to the opened Filters panel with the Types and Modified language lists fully expanded and a couple of entries selected; keep enough of the calendar behind it to show the panel is docked on the right; 2px #d4d4d4 border, PNG.",
P4,image,content_management/schedule_publishing.md,126,img/selection_action_bar.png,Calendar widget toolbar,48,done,"Text says the actions ""appear in the upper-right corner of the toolbar when you select an event"", a visual state that only a screenshot of the selected state can convey.","Content Panel > Calendar tab; click two or three scheduled publication events of the same type so they are added to the toolbar; crop to the toolbar showing the selected event list and the action buttons in its upper-right corner; exclude the rest of the calendar grid; 2px #d4d4d4 border, PNG.",
P4,image,content_management/schedule_publishing.md,135,img/selection_action_bar_reschedule.png,Reschedule button,48,icon-exempt,"A 42x42 single-icon crop inside a table cell of the button-reference table, so it is a glyph rather than a product screenshot.",,
P4,image,content_management/schedule_publishing.md,136,img/selection_action_bar_discard.png,Discard button,48,icon-exempt,"A 42x42 single-icon crop inside a table cell of the button-reference table, so it is a glyph rather than a product screenshot.",,
P4,image,content_management/schedule_publishing.md,151,img/reschedule_cancel_dashboard.png,Reschedule or cancel with the dashboard,48,removed,"The four-step numbered procedure directly above already names every element, including ""the buttons in the upper-right corner"", so the shot only re-shows what the steps state on a page that is already carrying 16 images.",,
P4,image,image_management/upload_images.md,41,img/alt_text_use_ai.png,Generate alternative text,49,done,"The Use AI and Go to AI actions buttons only appear next to the Alternative text field when AI Actions are configured, and their placement inside the image edit form is not described in the note; the creation form is reachable even with an empty Media/Images folder, and 8 AI Actions are configured in this environment. RETAKE NOTE: this version shows a single sparkle button next to the Alternative text field, not separate ""Use AI"" and ""Go to AI actions"" buttons. Clicking it opens an AI Assistant panel that fails with ""Incorrect API key provided: sk-123456"", so the generated-text state cannot be shown.","Content > Media > Images > Create content > Image > Create; fill in Title, upload a local sample image from disk (the folder itself may be empty), then crop to the Alternative text field area showing the filled-in alt text plus the Use AI and Go to AI actions buttons; exclude the Tags and Publish areas; 2px #d4d4d4 border, PNG. The same file is reused on image_management/edit_images.md line 38, so one capture fixes both.",
P4,arcade,image_management/upload_images.md,53,LpqBrmNLohIUwtMIl02M,Add and edit image,49,removed,"All 29 Arcade embeds are being removed; the embed follows step 7 and a note about file size, with no sentence introducing the video.",,
P4,image,image_management/browse_images.md,19,img/image_library.png,Grid view of image library,50,done,"The grid/list distinction and the left Folders panel plus right filter panel referenced throughout the page can only be shown visually, but Media/Images contains zero image assets in this environment, so needs at least 12-15 images uploaded across 2-3 sub-folders with tags assigned before anything but an empty library can be shot. RETAKE NOTE: Shot on the local non-SaaS 6.0 instance (localhost:8000); grid view of Media > Images with the four generated product images.","Seed >=12 image assets in Content > Media > Images across 2-3 sub-folders, with tags on some of them. Then open any content item for editing and select an existing image (or insert an image into a Rich Text field) to open the image library; click View and choose Grid view; crop to the whole image library modal including the Folders panel on the left, the Search field, the View and Date controls and the filter panel on the right; 2px #d4d4d4 border, PNG.",
P4,image,image_management/edit_images.md,38,img/alt_text_use_ai.png,Generate alternative text,51,blocked,"The note documents the Use AI button in the edit form of an existing image asset, but Media/Images has zero image assets so no asset can be opened with Edit; needs at least 1 image asset seeded (or reuse the identical capture taken from the creation form on upload_images.md line 41).","Seed >=1 image asset in Content > Media > Images. Then Content > Media > Images > select the image asset > Edit; crop to the Alternative text field area showing a filled-in alternative text plus the Use AI and Go to AI actions buttons; exclude the rest of the edit form; 2px #d4d4d4 border, PNG.",
P4,image,image_management/edit_images.md,53,image_editor_icon.png,Image Editor icon,51,blocked,"The sentence ""Image Editor is available whenever you see the Edit icon on the preview"" depends on showing where that icon sits on the image preview, which cannot be captured because Media/Images holds zero image assets; needs at least 1 image asset seeded.","Seed >=1 image asset in Content > Media > Images. Then open that image asset > Edit; hover the image preview so the Edit icon overlay appears; crop to the image preview thumbnail with the Edit icon clearly visible in its corner; exclude the surrounding form fields; 2px #d4d4d4 border, PNG. Needs human annotation if the icon has to be highlighted, since Snagit is unavailable - alternatively rely on the crop alone.",
P4,image,image_management/edit_images.md,97,image_editor_undo.png,Image Editor: Undo,51,removed,"The two sentences above it fully state the behaviour (""Click the left or right arrow button to undo or redo the most recent change. Click Reset image...""), so the crop only re-shows named, labelled controls.",,
P4,image,search/search_for_content.md,9,img/basic_search.png,Basic Search,52,done,"The results page layout, in particular the left Filters menu that the following paragraphs refer to (""at the top of the left Filters menu""), is only understandable from a screenshot; search works in this environment. RETAKE NOTE: the Filters menu is on the RIGHT in this version; search_for_content.md L11 still says ""at the top of the left Filters menu"" and needs updating.","Seed a handful of extra content items first so results are realistic (only 5 content items exist). Then from any back-office screen click the top search box, type a keyword that matches several items and press Enter; crop to the whole search results page including the search box, the left Filters menu and the result list with the sorting drop-down in the top right; 2px #d4d4d4 border, PNG.",
P4,image,search/search_for_content.md,18,img/suggestion.png,Suggestion drop-down,52,done,"The suggestion drop-down is a transient visual state (suggestions appearing while typing, plus the View all results entry) that the prose describes but cannot show.","From any back-office screen press Cmd+/ (or click the search box) and type a partial keyword that matches several content items; without pressing Enter, crop to the search box with the suggestion drop-down open, making sure several suggestions and the View all results entry are visible; 2px #d4d4d4 border, PNG.",
P4,image,search/search_for_content.md,27,img/sorting_menu.png,Sorting menu,52,removed,"The sentence above already names both the location (""a drop-down menu in the top right corner"") and every option (""by name, publication date, or modification date""), so the drop-down shot adds nothing.",,
P4,image,search/search_for_content.md,32,img/spell_checking.png,Spell checking,52,done,"The ""did you mean"" suggestion is a visual state on the results page that words describe only abstractly; search is functional here, although content must be seeded so a misspelling actually yields a suggestion.","Seed enough content items that a term is indexed, then search for a deliberate misspelling of that term (for example ""fodler"" for ""folder""); crop to the top of the results page showing the search box with the misspelled query and the suggested corrected term beneath it, excluding the lower half of the result list; 2px #d4d4d4 border, PNG.",
P4,arcade,search/search_for_content.md,53,WuOs9pESmyZLhyyqLqfn,Search for content,52,removed,All 29 Arcade embeds are being removed; it is the last element on the page and no sentence introduces it.,,
P4,image,search_engine_optimization/work_with_seo.md,18,img/SEO_tags.png,SEO tags,54,done,"Step 3 tells the user to find the SEO section and its ""Enable SEO for this content type"" toggle inside the content type editor, a location deep in a long form that only a screenshot can pin down. RETAKE NOTE: shot at 1600x1300 - the SEO section does not fit a 1600x1000 viewport between the Enable toggle and the Meta tags fields. SEO was enabled on the Folder content type and saved, with <name>-based meta tag patterns.","Content > Content types > Content group > click the edit icon on a content type (for example Folder) > scroll to the SEO section; switch the Enable SEO toggle on and fill the Meta tags Title/Description/Keywords fields with realistic pattern values; crop to the SEO section including the toggle and the Meta tags area; exclude the unrelated field definitions above; 2px #d4d4d4 border, PNG.",
P4,image,search_engine_optimization/work_with_seo.md,46,img/SEO_tab.png,SEO tab in content item details,54,done,"Step 3 says to ""Review the contents of the resolved fields"", and the point of the shot is the visual difference between the pattern and its resolved value, which the prose cannot show.","Enable SEO on a content type and publish a content item of that type with meta tag patterns. Then Content > Content structure > select that content item > click the SEO tab; crop to the SEO tab panel showing the resolved Title, Description, Keywords and Canonical values, with the tab strip visible so the tab position is clear; 2px #d4d4d4 border, PNG.",
P4,image,recommendations/raptor_integration/raptor_recommendation_blocks.md,11,img/recommendation_blocks.png,Recommendation blocks,55,blocked,"The text says the add-on ""introduces a set of recommendation blocks"" available in Page Builder, and only a screenshot shows where those categories appear in the block palette; the Raptor CDP integration add-on is not installed here and Raptor is an external third-party system, so needs the Raptor add-on installed and connected to a Raptor account first.","With the Raptor integration add-on installed and configured, open Content > Content structure > a Page content item > Page Builder > open the block palette and expand the Recommendations: Content / Product / Commerce categories; crop to the block palette panel showing the recommendation block tiles grouped by category; exclude the page canvas; 2px #d4d4d4 border, PNG.",
P4,image,recommendations/raptor_integration/raptor_recommendation_blocks.md,22,img/advanced_settings.png,Advanced settings,55,blocked,"The prose refers to a ""Go to advanced settings in Raptor"" link whose position in the block Properties tab is not described, but the Raptor add-on is absent and Raptor is an external system unreachable from this environment; needs the Raptor add-on installed and a Raptor Control Panel account.","With the Raptor add-on installed, add any recommendation block to a Page in Page Builder and open its configuration Properties tab; crop to the Properties tab showing the required parameter fields and the Go to advanced settings in Raptor link; exclude the rest of the Page Builder chrome; 2px #d4d4d4 border, PNG.",
P4,image,qualifio/qualifio.md,27,img/welcome_page_form.png,Welcome page - form,56,removed,"Numbered steps 3 and 4 already enumerate every element of the form (first and last name, email address, Terms and Conditions, Send request), so the full-page shot only decorates the procedure.",,
P4,image,qualifio/qualifio.md,33,img/welcome_page_activated.png,Welcome page - active account,56,blocked,"The shot exists to show the activated state of the welcome page as opposed to the request form, a visual state words cannot convey, but Ibexa Engage renders a blank page in this environment and Qualifio is an external third-party system; needs a provisioned Qualifio/Engage subscription and an activated account.","With an activated Qualifio account, main menu > Ibexa Engage (Qualifio) > left panel > Ibexa Engage; crop to the welcome page content area showing the campaign tools information and the Manage campaigns in Qualifio button; exclude the browser chrome; 2px #d4d4d4 border, PNG.",
P4,image,qualifio/qualifio.md,37,img/qualifio_manager.png,Qualifio Manager,56,blocked,"Shows the external Qualifio Manager campaign list reached by clicking Manage campaigns in Qualifio; Qualifio is a separate third-party system not reachable from this environment, so needs a provisioned Qualifio account - and note it is third-party UI unaffected by the Cohesivo rebranding, so it is the lowest priority in this set.","Log in to a provisioned Qualifio account (from the back office, Qualifio > Manage campaigns in Qualifio); crop to the Qualifio Manager campaign list with at least 3-4 realistic campaigns visible; exclude browser chrome and any account identifiers; 2px #d4d4d4 border, PNG.",
P4,image,qualifio/qualifio.md,89,img/campaign_block.png,Campaign block,56,blocked,"Text says a campaign is picked ""from a drop-down list"" of the user's Qualifio campaigns and that width/height go ""in the proper fields"", neither of which is locatable without the block configuration shot; the campaign drop-down is populated from the external Qualifio account, so needs a provisioned Qualifio account connected to this instance.","With Qualifio connected, Content > Content structure > a Page > Page Builder > add the Campaign block > open its configuration; open the campaign drop-down so the list of available campaigns is visible and fill in width and height; crop to the block configuration panel with the drop-down expanded, keeping the Page Builder canvas visible behind it; 2px #d4d4d4 border, PNG.",
P4,image,qualifio/qualifio.md,100,img/campaign_custom_tag.png,Campaign custom tag,56,blocked,"The Campaign custom tag dialog inside a Rich Text field (unit selector plus width/height) is not described precisely enough to act on without the shot, but the campaign list comes from the external Qualifio account; needs a provisioned Qualifio account connected to this instance.","With Qualifio connected, edit a content item with a Rich Text field > insert the Campaign custom tag > open its settings; crop to the custom tag settings panel showing the campaign drop-down, unit selector and width/height fields, with the surrounding Rich Text field visible for context; 2px #d4d4d4 border, PNG.",
P4,image,customer_management/customer_portal.md,10,img/cp_dashboard_customer_portal.png,Customer Portal Dashboard,58,blocked,"This page is written for the portal user and the dashboard shot is the only thing that shows the portal's left menu and where the sales representative and order summary sit, but this instance has zero companies and no customer groups and Customers > Clients returns 404; needs >=1 company with >=1 member account and a few orders seeded.","Seed a company with a customer group, a member user and 2-3 orders. Then browse to <yourdomain>/corporate/login, log in as the company member; crop to the whole Customer Portal dashboard including the left navigation, the sales representative card and the order history summary; exclude browser chrome; 2px #d4d4d4 border, PNG.",
P4,image,customer_management/customer_portal.md,26,img/cp_members_portal.png,List of members,58,blocked,"The bullet list says you can change status, change role and edit basic information, but only the shot shows that these are per-row controls in the Members table; zero companies exist, so needs a company with 4-5 members in different roles and statuses seeded.","Seed a company with 4-5 members in mixed roles and statuses. Log in at <yourdomain>/corporate/login and open the Members section; crop to the members table showing the status, role and edit controls on each row; exclude the dashboard header; 2px #d4d4d4 border, PNG.",
P4,image,customer_management/customer_portal.md,33,img/cp_invite_members_portal.png,Invite members,58,blocked,"The drag-and-drop upload area and the per-address role drop-down in the invitation pop-up are visual elements the prose only names, but zero companies exist so the pop-up cannot be reached; needs >=1 company with roles available for assignment.","Seed a company with roles. Log in at <yourdomain>/corporate/login > Members > Invite members; type two email addresses and open the role drop-down for one of them; crop to the pop-up window showing the address list, role drop-down, the drag-and-drop upload area and the Send button, keeping the Members page visible behind it; 2px #d4d4d4 border, PNG.",
P4,image,customer_management/customer_portal.md,40,img/cp_invitations_list_portal.png,List of invitations,58,blocked,"Text promises ""a list of all invitations, registration links and the option to re-send invitations"" and only the shot shows these as columns of the Invitation tab; zero companies exist, so needs a company with 3-4 pending invitations seeded.","Seed a company and send 3-4 invitations. Log in at <yourdomain>/corporate/login > Members > Invitation tab; crop to the invitations table showing the registration link and re-send controls; exclude the dashboard header; 2px #d4d4d4 border, PNG.",
P4,image,customer_management/customer_portal.md,46,img/cp_address_book_portal.png,Address book,58,removed,"The single sentence above it says everything the shot conveys (""If you want to add a new shipping address or change the default one, you can do it in the Address Book section""); it is a decorative ""here is the section"" capture.",,
P4,image,customer_management/build_customer_portal.md,24,img/cp_portal_vs_page.png,Create content tab,59,removed,"The sentence above already states the outcome exactly (""you can see two possibilities: Customer Portal and Customer Portal Page"") and the next paragraph explains the difference, so the content-type picker shot is redundant.",,
P4,image,customer_management/build_customer_portal.md,33,img/cp_folder_for_portals.png,Customer Portal container,59,blocked,"The instruction to ""navigate to the newly added container and create Customer Portal Page"" relies on seeing the container's position in the content tree and its Sub-items view; no Customer Portal content exists in this instance, so needs a Customer Portal root folder configured plus >=1 Customer Portal container with pages.","Configure a Customer Portal root folder (its location_id must be in configuration), create a Customer Portal container inside it with 2-3 Customer Portal Pages. Then Content > Content structure > the root folder; crop to the content tree showing the root folder, the Customer Portal container and its sub-items list; exclude the right-side toolbar; 2px #d4d4d4 border, PNG.",
P4,image,customer_management/build_customer_portal.md,39,img/cp_page_builder.png,Page Builder view,59,blocked,"Text says ""you should see the Customer Portal layout where you can add dedicated Customer Portal block, Sales Representative, or choose from selection of blocks"" - a layout plus palette relationship only a screenshot conveys; no Customer Portal content types are set up here, so needs a Customer Portal container plus a Customer Portal Page created.","Create a Customer Portal Page inside a Customer Portal container and open it in Page Builder; crop to the Page Builder view showing the Customer Portal layout zones on the canvas and the block palette with the Customer Portal and Sales Representative blocks visible; 2px #d4d4d4 border, PNG.",
P4,image,customer_management/build_customer_portal.md,54,img/cp_multiple_pages.png,Multiple pages in one portal,59,blocked,"The claim that members ""can see the changes in the left menu"" is only demonstrable by showing several portal pages listed in that menu, which needs a company member account; this instance has zero companies and no Customer Portal content, so needs >=1 company plus a portal with 3+ pages.","Seed a company with a member and a Customer Portal container holding 3-4 Customer Portal Pages assigned to that company's customer group. Log in at <yourdomain>/corporate/login as the member; crop to the portal's left navigation menu showing the multiple portal pages, with part of the page content visible for context; 2px #d4d4d4 border, PNG.",
P4,image,customer_management/build_customer_portal.md,58,img/cp_page_priority.png,Assigning page priority,59,blocked,"The text points to View > Sub-items for setting priority but does not show that priority is an editable per-row column, which is the non-obvious part; no Customer Portal content exists here, so needs a Customer Portal container with several pages.","Open the Customer Portal container > View tab > Sub-items; crop to the sub-items table showing the editable Priority column for 3-4 Customer Portal Pages and the control used to save the new order; exclude the content tree; 2px #d4d4d4 border, PNG.",
P4,image,customer_management/build_customer_portal.md,67,img/cp_permissions.png,Customer Portal permissions,59,blocked,"The two required policies are named in text, but the shot is needed to show how the SiteAccess and subtree limitations are attached to them; the custom_portal SiteAccess and Customer Portal locations do not exist here, so needs a custom_portal SiteAccess configured and >=1 Customer Portal published.","Admin > Roles > create or open a role > add the user/login policy limited to the custom_portal SiteAccess and the content/read policy limited to the Customer Portal subtree; crop to the role's policy list showing both policies with their limitations spelled out; exclude the Assignments tab content; 2px #d4d4d4 border, PNG.",
P4,image,customer_management/manage_customers.md,14,img/cp_companies_section_back_office.png,Companies section,60,blocked,"The text says you can view, edit or create companies ""by selecting Create button in the top right corner"", and the shot locates that button against the company list; this instance has zero companies and no customer groups, so needs >=1 customer group and 4-5 companies seeded.","Seed 4-5 companies. Then Customers > Companies; crop to the companies list including the column headers, several company rows and the Create button in the top right corner; exclude the left main menu; 2px #d4d4d4 border, PNG.",
P4,image,customer_management/manage_customers.md,26,img/cp_create_company_back_office.png,Create a new company account,60,done,"The required fields are listed in the prose but the shot is what shows they are split across billing address and contact blocks in one long form; the customer group and sales representative drop-downs cannot be populated because no customer groups and no Sales rep user group exist, so needs >=1 customer group plus >=1 user in a Sales rep group. RETAKE NOTE: Shot on the local non-SaaS 6.0 instance (localhost:8000); company creation form filled with a customer group and a sales representative. The Billing address section is a separate anchor section below the fold at 1600x1000 and is not in the crop.","Seed a customer group and a sales representative user. Then Customers > Companies > Create; fill every field with realistic dummy data and open the customer group drop-down; crop to the company creation form showing the name, tax ID, customer group, sales representative and billing address areas; 2px #d4d4d4 border, PNG.",
P4,image,customer_management/manage_customers.md,38,img/cp_company_profile_back_office.png,Company profile in the back office,60,blocked,"The four bullets describe what the profile contains, but only the shot shows they are separate tabs of one company profile screen; zero companies exist, so needs >=1 company with members, invitations, addresses and order history seeded.","Seed a company with 3-4 members, some invitations, 2 shipping addresses and a couple of orders. Then Customers > Companies > select that company; crop to the company profile screen including the tab strip and the summary panel with basic information and order history; 2px #d4d4d4 border, PNG.",
P4,image,customer_management/manage_customers.md,44,img/cp_contact_person_back_office.png,Add Contact Person,60,blocked,"The rule that ""The Contact Person in the company has to be a member of that company"" is expressed in the UI by the picker only offering company members, which needs a shot; zero companies exist, so needs >=1 company with several members seeded.","Seed a company with 3-4 members. Then Customers > Companies > select the company > edit the company profile > Add Contact Person; crop to the Contact Person selection dialog showing the list of company members, keeping the company profile visible behind it; 2px #d4d4d4 border, PNG.",
P4,image,customer_management/manage_customers.md,54,img/cp_admin_company_view.png,Corporate back office,60,blocked,"Text says the Corporate section holds members, billing addresses and technical details such as visibility, IDs and relations, and only the shot shows these as sections of one admin screen; zero companies exist and the corporate admin area has no data, so needs >=1 company with members and billing addresses seeded.","Seed a company with members and 2 billing addresses. Then Admin > Corporate > select the organization; crop to the corporate detail screen showing the members list plus the billing address and technical details panels; exclude the left main menu; 2px #d4d4d4 border, PNG.",
P4,image,customer_management/manage_customers.md,68,img/cp_invitations_back_office.png,Invite members from the back office,60,blocked,"The Invitations tab is reached through a four-step path and the shot is what shows the invitation rows with their registration links and re-send controls; zero companies exist, so needs >=1 company with 3-4 pending invitations seeded.","Seed a company and send 3-4 invitations. Then Customers > Companies > select the company > Invitations tab; crop to the invitations table with the registration link and re-send controls plus the Invite member button; 2px #d4d4d4 border, PNG.",
P4,image,customer_management/manage_customers.md,74,img/cp_invite_members_portal.png,Invite members from the Customer Portal,60,removed,"It reuses the Customer Portal front-end invitation pop-up in a back-office procedure that was just illustrated by cp_invitations_back_office.png, so it is both duplicated and shot in the wrong interface for this page.",,
P4,image,customer_management/manage_customers.md,83,img/cp_register_account_portal.png,Register in Customer Portal,60,removed,This page's reader is the back-office administrator who has finished acting once the invitation is sent; the invitee's registration form is documented on customer_portal.md and the sentence above states all of it.,,
P4,image,customer_management/company_self_registration.md,18,img/cp_self_registration.png,Company self-registration,61,removed,"The page's reader is the back-office approver, not the applicant, and the text already gives the URL plus the three groups of required information, so the front-end application form shot is decorative here.",,
P4,image,customer_management/company_self_registration.md,26,img/cp_applications_list.png,List of applications,61,blocked,"The text says you can ""edit them or check their current status"" and only the shot shows status as a column with per-row actions in the Applications list; this instance has zero companies and no applications, and Customers > Clients returns 404, so needs the customer module seeded with 4-5 applications in different statuses.","Seed 4-5 company applications with mixed statuses (pending, on hold, rejected). Then Customers > Applications; crop to the applications list with the status column and the per-row action controls visible; exclude the left main menu; 2px #d4d4d4 border, PNG.",
P4,image,customer_management/company_self_registration.md,32,img/cp_application.png,Application,61,blocked,"The four possible outcomes (edit, approve, reject, hold) are named in text but their placement on the application detail screen is not, so the shot is needed; zero applications exist here, so needs >=1 submitted application seeded.","Seed >=1 pending application. Then Customers > Applications > open an application; crop to the application detail screen showing the submitted company data and the Approve / Reject / On hold / Edit action buttons; 2px #d4d4d4 border, PNG.",
P4,image,customer_management/company_self_registration.md,39,img/cp_approving_application.png,Application approval,61,blocked,"Approval requires picking a sales representative and a customer group in a dialog, and the surrounding troubleshooting advice only makes sense against that dialog; zero applications, zero companies and no customer groups exist, so needs an application seeded plus >=1 customer group and >=1 user in a Sales rep group.","Seed an application, a customer group and a Sales rep user. Then Customers > Applications > open the application > Approve; crop to the approval dialog with the sales representative and customer group drop-downs open or filled, keeping the application screen visible behind it; 2px #d4d4d4 border, PNG.",
P4,image,website_organization/work_with_sites.md,18,img/site_factory_icon.png,Site Factory icon,63,blocked,"Blocked on configuration: Site management > Sites renders on the local non-SaaS 6.0 instance and lists one site, but config/packages/ibexa_site_factory.yaml has 'enabled: false' and defines no site templates, so there is no Create button.","After fixing Site Factory, in the left panel click the Site Management icon and then Sites; crop to the left panel with the Site Management icon and the Sites entry visible together with the Sites listing and its Create button in the top right; 2px #d4d4d4 border, PNG.",
P4,image,website_organization/work_with_sites.md,23,img/site_factory_new_site_step_1.png,Create a new website - step one,63,blocked,"Blocked on configuration: Site Factory is disabled (ibexa_site_factory.enabled: false) and no site templates/designs are defined, so the Creating New Site modal cannot be opened.","After fixing Site Factory, Site Management > Sites > Create; on the first step of the Creating New Site modal fill in a realistic site name and pick a design and a Parent location; crop to the modal including its step indicator, keeping the Sites list visible behind it; 2px #d4d4d4 border, PNG.",
P4,image,website_organization/work_with_sites.md,38,img/site_factory_new_site_step_2.png,Create a new website - step two,63,blocked,"Blocked on configuration: Site Factory is disabled and no design defines a site skeleton, so step two of the Creating New Site modal cannot be reached.","After fixing Site Factory, Site Management > Sites > Create > proceed to step two; toggle the skeleton copy option, set the Status switcher and add two SiteAccess rows with main and fallback languages and a one-level path; crop to the whole second step of the modal; 2px #d4d4d4 border, PNG.",
P4,image,website_organization/work_with_sites.md,50,img/site_details.png,Site details,63,blocked,"Blocked on configuration: Site Factory is disabled, so the site card in Site management > Sites has no three-dots menu and the Site details panel cannot be opened.","After fixing Site Factory and creating a site, Site Management > Sites > click the three dots next to the site name > Site details; crop to the Site details panel showing the name, design, status, SiteAccesses and languages, keeping the site row it was opened from visible; 2px #d4d4d4 border, PNG.",
P4,image,website_organization/work_with_sites.md,68,img/site_factory_site_list.png,Site list,63,removed,"It sits under ""Delete an existing website"" but shows only the general site list, which the text about switching a site offline and clicking the Delete icon does not need; the same listing is already shown by site_factory_icon.png earlier on the page.",,
P4,image,permission_management/permission_system.md,19,img/role_details.png,Editor role,64,removed,"This page is a worked conceptual example about a newspaper crew and prescribes no UI actions, so a role detail screenshot illustrates nothing the prose needs; the same file is used where it is procedurally relevant, on work_with_permissions.md line 19.",,
P4,image,permission_management/permission_system.md,23,img/user_groups.png,User groups,64,removed,"It illustrates a piece of advice (""it's good practice to create a user group to contain this user"") rather than a step, making it a decorative ""here is what the list looks like"" shot on an otherwise conceptual page.",,
P4,image,permission_management/work_with_permissions.md,19,img/role_details.png,Details of a role,65,done,"The procedure ends with ""click + Add, select a policy from the list"" and the shot is what shows the policy list and the + Add control on the role detail screen; 11 roles already exist in this instance.","Admin > Roles > select a role with several policies (for example Editor); crop to the role detail screen showing the role name, the policies table with module/function/limitation columns and the + Add button; exclude the left main menu; 2px #d4d4d4 border, PNG.",
P4,image,permission_management/work_with_permissions.md,30,img/users_assigned.png,Users assigned to role,65,done,"Steps 2-4 refer to the Assignments tab, the Assign to Users/Groups button and a Limitations area whose relationship is only visible in a screenshot; roles and users both exist in this instance. RETAKE NOTE: three group assignments were added to the Editor role; the Limitation column still reads None on all three - the Sections limitation offered on the assignment form is not stored for group assignments on this instance.","Admin > Roles > select a role > Assignments tab; make sure the role has 3-4 user and group assignments, at least one with a limitation. Crop to the Assignments tab showing the assignment rows with their limitations and the Assign to Users/Groups button; 2px #d4d4d4 border, PNG.",
P4,arcade,permission_management/work_with_permissions.md,38,t87azp7uGgwZVbJZKweH,Work with permissions,65,removed,"All 29 Arcade embeds are being removed; it is the last element on the page and the preceding sentence is a cross-reference to the developer documentation, not a video lead-in.",,
P4,image,user_management/manage_users.md,18,img/users_section.png,Users section,66,done,"The claim that ""the interface is the same as when working with regular content items"" is the point of the shot and cannot be verified from words; Users and user groups are populated in this instance.","Admin > Users; open a user group that contains several users; crop to the Users screen showing the user group tree on the left and the sub-items list of users on the right, so the resemblance to the content structure interface is visible; exclude the browser chrome; 2px #d4d4d4 border, PNG.",
P4,image,user_management/manage_users.md,35,img/users_invitation.png,Inviting users,66,done,"The prose names the Invite members button and describes a pop-up with a drag-and-drop .csv area and a search bar, but their arrangement in the dialog only reads from a screenshot; Users are populated in this instance.","Admin > Users > navigate into a user group > click Invite members in the top right corner; type two or three realistic email addresses so the list is not empty; crop to the invitation pop-up showing the address list, the drag-and-drop upload area, the search bar and the Send button, keeping the user group screen visible behind it; 2px #d4d4d4 border, PNG.",
P4,image,recent_activity/recent_activity.md,11,recent_activity.png,Recent activity,67,done,"The grouping described in the prose (""grouped by date, then by logical bond"") and the avatar/verb/item structure of each entry are spatial facts the text only lists; Recent activity works in this instance.","Admin > Recent activity; make sure recent publish/edit actions by 2-3 different users exist so several date groups are populated. Crop to the activity list showing at least two date groups with their grouped entries plus the Filters menu on the right; exclude the left main menu; 2px #d4d4d4 border, PNG.",
P4,image,recent_activity/recent_activity.md,48,recent_activity_filters.png,Published last week,67,done,"The text explicitly frames it as an example of a filter state (""only Publish actions from Last week time period""), which is a visual state of the Filters panel that words cannot show; Recent activity and its filters work here.","Admin > Recent activity > in the Filters menu on the right select Action = Publish and Time = Last week, then click Apply; crop to the Filters panel showing those two selections applied plus the Apply and Clear buttons; keep a sliver of the filtered activity list on the left for context; 2px #d4d4d4 border, PNG.",
P4,arcade,recent_activity/recent_activity.md,50,IAJrEyQUizSxnei6kSis,Recent activity,67,removed,"All 29 Arcade embeds are being removed; the sentences above it introduce the filter screenshot on line 48, not the video, so nothing needs deleting.",,
